Id_New;IdentFMU;Nom courant;SdUAI;MoyUnite;MoyETPT;RecDroitsbib;RecTutelle;RecCollTerr;RecAutMin;RecRessProp;RecAut;DepSalTit;DepSalNonTit;DepSalAut;DepDepDoc;DepMaintenance;DepAut;DepInv;DepNCA;AcqSuppLiv;AcqSuppPer;AcqSuppAut;AchatNumLiv;AchatNumPer;AchaNumtAut;AbonNumLiv;AbonNumPer;AbonNumAut;DepDPartForm;DepDPartRec;DepDConserv;DepDNumeris;AONoticeStock;AOTexteStock;AONoticeFlux;AOTexteFlux;AOVisites;AOTelecharg;SuppTitLiv;SuppTitPer;SuppTitAut;UnitMatLiv;UnitMatAut;SuppMlLiv;SuppMlPer;SuppMlAut;MLAccesLiv;MLAccesPer;MLAccesAut;PatTitLiv;PatTitPer;PatTitAut;PatUnitMatLiv;PatUnitMatAut;PatMLLiv;PatMLPer;PatMLAut;Sudoc;SudocPart;ColNNumerise;ColNTheseNum;ColNPedago;ColNAccLibre;ColNNumeriseGo;ColNTheseNumGo;ColNPedagoGo;ColNAccLibreGo;ColNAcqRess;ColNAcqTitLiv;ColNAcqTitPer;ColNAcqRessGo;ColNAcqTitLivGo;ColNAcqTitPerGo;EntTitLivFr;EntTitlivEt;EntTitPer;EntTitAut;EntVolLivFr;EntVolLivEt;EntVolAut;DonTitLivFr;DonTitLivEt;DonTitPer;DonTitAut;DonVolLivFr;DonVolLivEt;DonVolAut;SorTitLivTot;SorTitPer;SorTitAut;SorVolLiv;SorVolAut;EntNumerise;EntTheseNum;EntPedago;EntNumeriseGo;EntTheseNumGo;EntPedagoGo;EntNumAcq;EntNumAcqGo;NbNumSouscrite;NumSignalePer;NumSignaleLiv;NbEntrees;NbExpos;NbAutManif;EmprL;EmprM;EmprD;EmprEC;EmpAut;EmprExt;InscritL;InscritM;InscrritD;InscritEC;InscritAut;InscritExt;OrgInscritD;OrgInscritC;OrgInscritIR;OrgInscritAut;OrgInscritExtC;OrgInscritExtAut;UsSessions;UsRec;UsVuesEbook;UsVuesArticles;UsVuesAut;UsVueNumerise;UsVuePedago;UsVuesTheseNum;UsVuesArticleEtb;UsVisites;UsRecCat;UsQuestions;FormOutcursH;FormOutcursL;FormOutcursM;FormOutcursD;FormOutcursAut;FormIncursH;FormIncursL;FormIncursM;FormIncursD;PebDExp;PebDSat;PebFRecues;PebFSat;PersPP_BibA;PersPP_BibB;PersPP_BibC;PersPP_BibBC;PersPP_ITRFA;PersPP_ITRFB;PersPP_ITRFC;PersPP_ITRFBC;PersPP_AutA;PersPP_AutB;PersPP_AutC;PersPP_AutBC;PersPP_CDDA;PersPP_CDDB;PersPP_CDDC;PersPP_CDDBC;PersPP_CDIA;PersPP_CDIB;PersPP_CDIC;PersPP_CDIBC;PersPP_Etud;PersETPT_Etud;PersFormH;Activite1;Activite2;Activite3;Activite4;Activite5;Activite6;Activite7;Activite8;Activite9;Activite10;Activite11;Activite12;Activite13;Activite14;Activite15;Activite16;ActiviteAut
1;1;Bibliothèque de l'Adcadémie nationale de médecine;;;;;;;;;;;;;;;;;;;;;;;;;;;;;;;;;;;;;;;;;;;;;;;;;;;;;;;;;;;;;;;;;;;;;;;;;;;;;;;;;;;;;;;;;;;;;;;;;;;;;;;;;;;;;;;;;;;;;;;;;;;;;0;248;0;;;;;;;;;;;;;;;;;;;;;;;;;;;;;;;;;;;;;;;;;;;;;;;;;;;;;;;;;;;;
2;2;Service d'IST de l'Agence de l’environnement et de la maîtrise de l’énergie;;;;;;;;;;;;;;;;;;;;;;;;;;;;;;;;;;;;;;;;;;;;;;;;;;;;;;;;;;;;;;;;;;;;;;;;;;;;;;;;;;;;;;;;;;;;;;;;;;;;;;;;;;;;;;;;;;;;;;;;;;;;;;;;;;;;;;;;;;;;;;;;;;;;;;;;;;;;;;;;;;;;;;;;;;;;;;;;;;;;;;;;;;;
3;4;Service d'IST de l'Agence Nationale chargée de la Sécurité Sanitaire de l'alimentation, de l'environnement et du travail;;;;;;;;;;;;;;;;;;;;;;;;;;;;;;;;;;;;;;;;;;;;;;;;;;;;;;;;;;;;;;;;;;;;;;;;;;;;;;;;;;;;;;;;;;;;;;;;;;;;;;;;;;;;;;;;;;;;;;;;;;;;;;;;;;;;;;;;;;;;;;;;;;;;;;;;;;;;;;;;;;;;;;;;;;;;;;;;;;;;;;;;;;;
4;6;Service d'IST de l'Agence nationale pour la gestion des déchets radioactifs;;;;;;;;;;;;;;;;;;;;;;;;;;;;;;;;;;;;;;;;;;;;;;;;;;;;;;;;;;;;;;;;;;;;;;;;;;;;;;;;;;;;;;;;;;;;;;;;;;;;;;;;;;;;;;;;;;;;;;;;;;;;;;;;;;;;;;;;;;;;;;;;;;;;;;;;;;;;;;;;;;;;;;;;;;;;;;;;;;;;;;;;;;;
5;9;SCD de Aix-Marseille Université;0134031L;TTC;197,8;0;3058440;3500;44059;74292;0;9197654;660098;0;2716907,6;0;373323;33399,2;0;876109,56;258193,66;21044,86;192426,31;;;232155,99;712976,24;405445,59;42;58;10962,39;7593;68771;27384;12155;8154;56642;;808570;16803;144014;1033087;220412;28584;19542;3177;11598;541;184;;1412;5646;62000;6000;1835;;78;;96,9;433;5505;463;49,19;7466;49;3;99,59;16;10014;0;;;;22266;1301;1512;407;31739;1386;450;1146;393;0;0;1882;426;0;16538;49;101;32617;122;161;1470;94;2777;11;1;0;0;83;30911;46199;2438110;99;146;11599;11790;2589;1059;1555;1625;17310;17539;3798;1693;890;893;;;;;;;639308;2125157;1578851;1183456;1644884;10127;103947;952171;;871813;489160;2431;449,75;118;250;223;406;2329;18523;2850;803;1915;1666;4408;3659;40;48;75;;1;1;3;;2;2;10;;2;1;16;;2;0;3;;60;7,43;7269;40,2;33,95;12,35;47,55;5,9;2,1;0;5,45;3,95;1,5;0,75;0;1,2;20,15;19,45;2,95;0,35
6;14;SCD de l'Institut national universitaire Jean-François-Champollion;;TTC;15,6;116000;70000;;;8000;;533309;128316;;151676;;22528;9781,8;;63679;28817;8242;277;;;23782;22944;3241;88;12;694;;441;407;;;57027;104732;68387;306;1219;78616;3080;2385;330;23;1668;30;23;;;;;;;;;;100;;32;;0;;;;0;1;276;15376;;;;2791;68;44;43;2921;88;;69;2;0;0;71;4;0;816;2;21;860;32;;32;;;;;277;;11;37030;46834;157456;3;10;1582;227;21;77;61;91;1582;227;21;77;61;91;;;;;;;17765;;58063;36386;;;;104732;;;;201;40;318;;;51;197;1461;129;;276;259;155;152;3;4;1;;;1;2;;;;;;;2;1;;;1;;;6;0,25;568;3,4;0,6;1,5;2,5;0,2;0,2;;1,5;0,5;0,1;;;0,1;1;1;1;1,4
7;16;SCD de l'Université de Picardie-Jules-Verne;0801253C;TTC;77,85;0;1342196;300200;74000;4438,16;9191,1;3596628,28;501320,09;;1320088,34;69809,37;159215,65;117459,63;;306036,06;257304,53;6808,26;;;;73920,61;644808,14;;37;63;31210,74;;;;;;;;298498;2721;17034;425752;25247;8884;5036;502;5951;787;270;38937;50;1;38937;;757;2;23;;92;;684;;0;;;;0;17;10286;;;;;8904;272;31;120;12964;284;120;784;;16;233;893;;233;7410;34;;8774;;;233;;;2;;1669;;85;61841;466029;818167;71;20;6037;4011;557;427;558;289;;;;;;976;;;;;;;2097345;2378163;531678;639851;83842;;;;;;77880;59;205;292;273;67;28;1685;6289;440;124;3408;3131;1291;1213;11;26;26;;1;2;;;2;;5;;;1;9;;;1;1;;42;7,4;557;20,2;10;4,4;22,85;1;;;3,7;1,5;0,7;0,6;;;5;7,2;0,7;
8;18;SCD de l'Université d'Angers;0491677G;TTC;53;528614;726293;;300;99330;;2714000;115813;;956250;;71895;60000;;284260;9740;4383;;;;99677;299991;165739;40;60;4760;0;17524;2928;998;261;21219;71473;348518;1839;25336;421617;28053;8273;2639;1481;5059;368;70;0;0;0;0;0;0;0;0;;90;0;77;0;0;0;;0;0;1;0;2200;;;;7862;308;;80;10313;352;80;43;3;;0;51;3;0;;;;8791;408;0;85;0;0;;0;0;0;48;62037;29086;1366275;6;5;5820;4524;600;886;66;;;;;;;800;;;;;;;99082;378149;50189;406591;4765;0;0;;;594443;399917;806;177;103;156;243;8;631;5715;497;214;1907;1808;1293;1119;7;19;17;;;4;1;;;1;2;;;;;;1;;;;53;3,5;636;15;2;4;17;1;1;;0,5;0,5;;0,5;;;5,5;3;1;2
10;21;SCD de l'Université d'Artois;0623982S;TTC;50,4;220000;760000;;31424,7;;;2551756,09;176557,19;;802870,22;108827,47;70993,52;19366,38;4683,37;371800,3;165926,07;34053,43;;;;16042,95;195756,56;8360,73;73;27;10930,18;0;3194;1281;939;131;;;230270;2795;14019;279054;14662;4475;1391;455;3893;491;66;;;;;;;;;;98;576;495;;0;;;;0;;;;;;;10348;601;6;695;12014;621;696;3142;11;42;0;3661;11;0;3419;1;299;4886;299;0;21;0;0;;0;;;35;51318;1658;480373;38;62;1831;530;63;200;89;217;3170;779;84;352;218;241;;;;;;;164809;198768;21528;152386;79994;14399;;;;271492;781899;381;553;2009;171;17;577;735;2258;16;0;414;363;531;455;7;12;15;;4;4;2;;4;;2;;;1;2;;;;1;;36;2,55;215;13,1;7,7;5,75;9,4;0,9;0,25;;1,1;2,7;0,5;1,9;;0,25;3,45;2;1,4;
11;24;SCD de l'Université d'Avignon;0841028L;HTR;644,8;229160;600840;16064;;16807,61;;1590298;169083;;620827,8;;24770,94;3005;36401,86;164136,07;110979,07;19571,86;12382,97;;;33276,69;80227,29;185758,14;37;63;14495,71;;9228;3137;1289;951;265710;125179;174051;1459;5889;198127;5889;4494;1338;97;3069;588;91;5848;;2525;5848;2525;116;;10;;91,1;;352;;0;;;;0;2;520;;;;;5919;336;;351;6369;351;351;161;21;;;161;21;;899;;33;899;33;;52;;;;;;;39;237817;69854;335719;11;8;1081;407;58;167;104;455;;;;;;789;;;;;;;61169;205295;4528;66112;;;;;;157062;208682;381;17;0;0;0;180;818;3522;79;88;665;653;224;202;7;8;8;;;1;;;2;;3;;;2;1;;;;1;;30;9,2;1223;6,33;1,7;3,2;5,6;0,31;0,75;0,55;0,25;0,1;0,05;0,15;0,8;0,55;2,5;1,5;0,7;4,3
12;25;La contemporaine;0921867E;TTC;69,85;144108;876957;38000;;38476;143000;3117921;395110;52000;586546;;242096;55714;;106414;201966;39986;;;24980;;;57064;;100;96610;59526;;;;;;;657421;44419;2070622;664304;;13130;14048;3510;206;153;;657421;44419;2070622;664304;;13130;14048;3510;;88;249685;;;75;41000;9000;;0;62;;;;;;1462;2563;878;148;1535;2691;148;847;884;71;1875;889;928;2772;174;;;374;;8163;45;;3500;2000;;;;74;154;;38650;1;4;;;;;;;452;753;295;380;;626;;;;;;;;;;;;75312;;;;137880;71066;;36;;;;189;263;308;370;0;3;3;855;571;16;8;14;;4;2;;;1;;1;;5;14;5;;2;;1;;12;1,83;1095;10;1,93;1,2;29,98;3,9;0;0;0,8;1,55;1,3;0,45;0,5;1,1;4,34;4,6;0,62;7,58
13;26;SCD de l'Université de technologie de Belfort-Montbéliard;0900441R;TTC;10,3;;285400;;;;;544775;70733;;271433;;33488;10729,13;;39069,58;15120,89;4953,99;;;;14924,57;114239,19;79903,7;16;84;0;0;;;;;;;21086;272;1577;24482;1577;532;191;35;342;28;29;0;;0;;;;;;;99;0;222;0;0;;;;0;0;0;0;;;;1064;103;15;79;1074;150;79;0;0;0;0;0;0;0;1184;8;0;1531;0;0;;0;;;;0;;1;;;104962;2;1;2155;1679;155;62;;;0;0;0;;0;;155;91;15;212;0;0;122421;;2552;35851;83881;0;0;0;0;;;55;0;;;;;115;1073;152;10;10;6;18;14;1;3;3;;1;1;1;;;;;;;;1;;;;;;16;;328;2,47;1,52;1,31;0,36;0,15;0,37;0,02;0,01;0,22;0,02;0,14;0;0,24;0,63;0,69;0,13;2,02
14;27;SCD de l'Université de Franche-Comté;0250986L;TTC;91,28;530061,2;1185835;0;0;55830,68;17818,4;4353475,98;568721,62;0;1000220;483747,42;199354,62;25262,99;4426,76;314689;340648;8561;4485;;;54495;244260;33082;49;51;0;0;0;1079;0;226;13346;;608210;5855;305060;709642;310224;17078;7540;1698;6003;682;314;;;;;;;;;;71,13;0;1079;117;71;;;;0;1;433;2100;;;;10850;223;1065;252;13605;279;343;2390;31;135;361;2984;39;590;18872;71;316;22277;346;0;226;42;;;;0;;36;66492;19870;1357353;39;38;5337;2915;485;623;215;1588;;;;;;;;;;;;;28448;240651;25608;402396;;;;210044;;126528;672276;;163,05;2193;62;0;4875;1303,25;4680;2493;247;3702;3258;2770;2407;20;23;29;;3;0;1;;6;5;6;;1;2;4;;1;1;0;;32;6;1750;24,48;4;5;20;1,5;4;4;1,5;0,2;0,1;0,2;0;4;7;14;1,3;0
15;34;Bibliothèque interuniversitaire de Santé;;;;;;;;;;;;;;;;;;;;;;;;;;;;;;;;;;;;;;;;;;;;;;;;;;;;;;;;;;;;;;;;;;;;;;;;;;;;;;;;;;;;;;;;;;;;;;;;;;;;;;;;;;;;;;;;;;;;;;;;;;;;;;;;;;;;;;;;;;;;;;;;;;;;;;;;;;;;;;;;;;;;;;;;;;;;;;;;;;;;;;;;;;;
18;37;SCD de l'Université Bordeaux Montaigne;0333008R;TTC;72;0;652855;8800;12000;0;27500;2502059;727227;;623656;0;56378;0;0;215414;123282;17864;8973;0;0;54777;68683;93374;40;60;30500;10789;;;;;;;486845;5715;16248;630213;28790;;;;;;;33321;830;1036;52376;1036;;;;;99,99;13139;2759;0;100;;;;0;0;11725;10223;;;;5698;1375;860;230;6101;1433;419;518;387;4;36;533;391;36;;;;;;518;81;0;;;;0;0;56;67351;477370;817448;17;15;7574;2139;279;643;163;455;13568;3238;692;1258;606;510;;;;;;;;234555;177622;260430;;73565;0;;;413844;;;100;909;104;0;18;2481;8762;1125;132;3097;2759;2620;2325;10;9;12;;3;9;6;;;;;;1;5;13;;;5;;;13;3,99;2495;;;;;;;;;;;;;;;;;
20;40;Service de coopération documentaire de l'Université de Bordeaux;0332237C;TTC;10,7;;257962;20000;144500;6000;;583258;103152;;133584;258328;118629;;;;;;;;;28074;54390;29880;75;25;;21240;;;;;;;;;;;;;;;;;;;;;;;;;;;;1137;;;0;582;;;0;;;;;;;;;;;;;;;;;;;;;;;;;;83;;;;;;;;5;16548;2021;;;;;;;;;;;;;;;;;;;;;;9634;108556;48092;447901;;1203277;;;;;662287;;;;;;;;;;;;;;;5;;1;;1;1;;;;;1;;1;;;;1;;;;;;210;0,45;0;0,25;1,6;0,6;0;0;1,95;0,1;1,7;0;0;0;1,4;0;0,8;1,85
21;41;SCD de l'Université de Bordeaux;0333308S;TTC;145,05;1187144;1648180;168580;;105424;3478462;7390601;127671;82391;2651931;47434;776809;255431;100577;610619;230072;18348;200190;;;151756;941513;484948;45;55;14485;;;;;;;;398453;10443;40898;519967;47019;17054;12027;1427;6413;837;61;0;0;0;95000;;3500;;;;90;;5803;;0;;;;0;20;65206;4079;;;;13984;746;681;186;21181;941;199;187;13;82;;187;13;;9256;40;;17270;;;1058;;;8;;4453;;94;73190;223103;2485165;;133;11414;9082;1833;839;279;1331;33680;13671;7622;1809;2676;;;;;;;;1082706;1603097;2546835;2084911;;;;;;224936;662287;;84;267;94;30;188;819;11155;1124;137;1776;1314;938;835;22;31;42;0;9;5;13;0;0;2;2;0;3;2;12;0;1;4;0;0;33;8;4108;61;3;8;32;6;2;2;0;0;0,5;0,4;0;1;17;8;0;0
22;42;SCD de l'Université de Bretagne Occidentale;0290323U;TTC;72,6;463000;779690;18036;56252;206477;;3580058;398387;;914277;45351;103704;152293;;230213;121445;;0;0;0;50306;512313;0;30;70;;0;26903;7145;4659;1279;;;;2565;62165;497477;1440451;10411;4124;325;6941;532;41;13994;2;;16446;;527;;;;95;;931;;100;;;;0;;1249;;;;;7842;268;596;29;8875;276;29;1527;1;32;0;1878;1;0;10564;63;44;13577;45;;246;;;;;;;71;19193;19079;1175479;9;64;5402;3614;597;429;445;513;;;;;;;;;;;;;;;409132;651497;0;;;;;289422;541824;381;180;137;41;77;114;650;2881;1286;200;3548;3329;930;825;15;20;17;;2;;3;;9;;3;;;2;6;;;;1;;52;12;1416;;;;;;;;;;;;;;;;;
23;43;SCD de l'Université de Bretagne-Sud;0561779E;TTC;26,15;134796;347000;;;20677;19000;1318962;128184;20503;416133;;53224;18325;13420;103344;47825;10059;3684;0;;35738;202879;;60;40;12604;;3504;1008;513;184;;;98339;776;3254;113350;3254;;907;;;152;;;;;;;;;;;99;9193;160;;0;5;;;0;10;18719;18185;;;;3979;101;306;181;4256;101;181;115;278;;;140;279;;4434;30;;6799;;297;38;;1;;;0;0;38;75082;78374;287079;;;1831;651;30;158;151;271;1549;574;24;137;120;231;;;;;;;46797;141326;117263;254512;;11323;;179;;;;276;189;1405;23;;164;92;277;119;45;1166;1024;685;614;4;9;5;;1;1;0;;1;0;1;;1;1;2;;0;0;0;;6;1;326;6,2;1,5;1,5;6,7;1,2;0,5;0,15;1;0,5;0,2;1;0;0;2;1,5;0,2;0
24;49;Bibliothèque universitaire des langues et civilisations (SD);;TTC;84,85;227925;3207195;0;0;876385;10000;0;1492007;0;963895;593160;1192492;569546;;290906;235280;6151;21219;18493;34838;648;39943;44726;8,8;91,2;227306;44385;;;;;;;1000000;30000;4330;1300000;4330;29623;8187;;4144;566;;75841;3321;0;75841;0;2653;665;0;;70;305;266;;100;1327;;;100;79;16161;29940;;;;1967;7210;1214;23;;;23;353;4535;;;;;;322;;;322;;126;33;;174;;;;;80;1;3284;880510;7;23;7708;3935;1209;1147;1934;;10262;5805;1594;1281;8950;;;;;;;;;;;;;5145;;;;;190205;1511;64;116;364;40;110;71;746;180;77;143;101;725;500;22;8;11;;1;1;;;4;1;2;;3;8;3;;11;7;1;;26;9,24;3982;12,99;14,68;3,23;26,13;0,52;0;0;4,95;2,96;0,38;0,67;0;0;9,33;6,71;0,87;1,43
25;50;Service d'IST du Bureau de recherches géologiques et minières;;;;;;;;;;;;;;;;;;;;;;;;;;;;;;;;;;;;;;;;;;;;;;;;;;;;;;;;;;;;;;;;;;;;;;;;;;;;;;;;;;;;;;;;;;;;;;;;;;;;;;;;;;;;;;;;;;;;;;;;;;;;;;;;;;;;;;;;;;;;;;;;;;;;;;;;;;;;;;;;;;;;;;;;;;;;;;;;;;;;;;;;;;;
26;52;SCD de l'Université de Caen Normandie;0141110F;HTR;89,8;547693;0;0;0;118280;0;3820494;347896;0;934883;0;203111;138626;0;165626;99406;4657;0;0;0;67005;402084;196105;43;57;0;0;24480;7877;3379;1254;3740923;2015188;576820;10753;36031;697119;48441;16963;10167;1010;6413;2213;55;;;;13537;47740;462;0;84;;78;0;1253;0;0;0;0;0;0;14;2789;3996;0;0;0;5966;248;870;166;6784;259;205;720;22;82;166;778;22;166;5269;39;300;6267;360;0;314;0;0;0;0;0;0;52;10356;14604;1188539;25;53;5384;3110;636;1012;869;512;5384;3110;636;1012;869;512;;;;;;;245476;317240;115981;519316;105717;0;0;0;0;201696;957721;127;94;14;0;6;170;863;4796;669;25;1615;1394;3213;2868;14;21;19;0;6;5;6;0;4;3;7;0;0;1;3;0;0;0;1;0;53;7,7;1561;25,5;12,8;6;14;2,5;1,1;0;2,5;2,9;0,4;1,3;0;0;10,5;5,5;3,8;1
27;54;SCD de la Casa de Velázquez;;TTC;6,5;0;159000;0;0;4993;0;199182,13;181734,15;0;82021;0;42362;4746;0;45401;30620;0;;;;0;0;0;0;100;6000;0;0;0;0;0;0;0;131410;1821;3431;140994;3431;3570;1690;144;3570;1690;43;;3;;3779;84;112;;3;;86;0;0;0;0;;;;0;0;0;0;;;;;1374;316;;;;;;933;335;;;;;;21;;;;0;0;0;;;;0;;1;244;0;4102;0;1;;;;;;;0;89;56;32;61;0;0;0;0;0;0;0;0;0;0;0;0;0;0;0;0;13822;25575;103;0;0;0;0;0;0;0;0;0;87;86;364;314;1;1;0;0;0;0;0;0;0;0;0;0;0;0;0;0;0;4;1;0;0;0;98;2,32;0,2;0;1,58;0,1;0;0;0,5;0,1;0,3;0;0;0;1;0,3;0,1;0
28;55;Service d'IST du Centre de coopération internationale en recherche agronomique pour le développement;;HT;;;;;;;;;;;723550;;4780;;;19300;1800;600;1880;;;;449100;238070;0;100;;12800;64437;41119;56;2694;1281858;1258654;;4524;;55355;155252;;830;;70;;;;80;;6780;81330;;;;;3;220;;;0;;;;0;20;315;9900;;;;90;115;47;;;;;;;90;;;;;;;;;;2600;;;;;;61;;20;42689;345066;2086;2;11;;;;;;;;;;;;;;;;1985;286;3582;;185000;161;240682;2204;;;;;36000;36000;11;168;;;;245;;;;;27;27;126;106;5;;;4;;;;;;;;;;;;;22;;;8;;;444;;;;;;;;;;;;;;;;;
29;66;Service d'IST du Centre national de la recherche scientifique;;;;;;;;;;;;;;;;;;;;;;;;;;;;;;;;;;;;;;;;;;;;;;;;;;;;;;;;;;;;;;;;;;;;;;;;;;;;;;;;;;;;;;;;;;;;;;;;;;;;;;;;;;;;;;;;;;;;;;;;;;;;;;;;;;;;;;;;;;;;;;;;;;;;;;;;;;;;;;;;;;;;;;;;;;;;;;;;;;;;;;;;;;;
30;68;Service d'IST du Centre scientifique et technique du bâtiment;;;;;;;;;;;;;;;;;;;;;;;;;;;;;;;;;;;;;;;;;;;;;;;;;;;;;;;;;;;;;;;;;;;;;;;;;;;;;;;;;;;;;;;;;;;;;;;;;;;;;;;;;;;;;;;;;;;;;;;;;;;;;;;;;;;;;;;;;;;;;;;;;;;;;;;;;;;;;;;;;;;;;;;;;;;;;;;;;;;;;;;;;;;
31;70;SCD de l'Université de Cergy-Pontoise;0951989W;TTC;81,1;351897;584710;10000;;67788;35547;2697771;938306;;873759;69782;88401;18000;;243368;148083;2873;9462;;;;455507;;44;56;14466;;7636;3833;1233;638;260850;;272578;3863;8032;394791;11670;10320;3413;33;12220;35;33;;;;;;;;;;99;237;427;;77;2;3;;3;;665;116;;;;8868;339;589;;10622;339;;;1682;;;;;;6951;;;7362;;;67;;;4;;137;;54;114137;667;703906;21;14;2468;2726;84;123;108;421;6797;5052;148;158;61;1156;;;;;;;44294;186905;56539;459117;;;;;;148913;349497;625;49;1849;81;7;;274;827;2269;97;399;330;409;330;7;14;13;;2;1;3;;3;2;4;;3;10;13;;2;2;1;;17;5;530;15;18,6;5,9;28;1;0,2;;1;1;;0,2;;0,1;8;1,3;0,8;
32;71;SCD de l'Université Savoie Mont Blanc;0731137P;HTR;43,69;259488;584294;90000;;33564;;1886000;186047;2032;522006;0;69553;104135;;114051;76109;14592;;;;6345;307935;;55;45;2974;0;20085;5976;3635;1051;2359;;180134;421;5979;197801;25017;4638;1367;188;2816;139;188;2604;;;;;;;;;;;10;;0;;;;0;;;;;;;3853;268;;245;4581;299;950;117;0;14;0;127;0;0;4011;35;128;4479;128;;10;;;;;;;27;50000;340000;410915;;;3206;1162;59;300;109;142;;;;;;;;;;;;;;;;205884;;;;;;510205;942969;0;6;;;;34;704;3493;718;7;554;528;396;375;9;10;18;0;1;;;;;;;;;1;1;;;1;2;;17;3;461;20;0,4;2,25;6,59;0,1;0,65;0;1,6;0,15;0,15;0;0;0;6,25;5,25;0,3;
33;74;SCD de l'Université Clermont Auvergne;0631005A;TTC;110,9;626550;1008973;0;16592,65;;70286,77;4842262,64;549354,51;0;1072329,22;0;102370,02;93972,95;0;315032,45;96180,37;9636,97;0;0;0;86902,24;308681,32;236198,2;32;68;16997,67;2700;29553;8829;5703;1790;;;552599;8073;46414;654752;63098;17528;10373;1199;6044;1084;40;12480;3;202;26084;211;892;8;14;;69;18347;2236;2926;;26211;60;4;;0;10692;26404;0;;;8389;514;536;229;10871;614;252;635;87;23;341;711;97;595;8909;28;173;12164;211;18347;2236;2926;26211;60;4;0;0;109;49672;61910;1188157;12;35;5660;3158;371;717;328;681;20861;10943;971;1281;1937;1120;;;;;;;571534;880989;107105;1277536;0;43596;3065;;;298898;467786;3462;251;;;;455;989;5374;1187;121;4225;3289;1257;1189;18;26;33;;4;5;1;;2;5;9;;1;2;12;;0;0;1;;81;5,86;2274;23,16;15,3;6,7;34,75;6;1,9;0;0,5;1,2;0,55;1,4;0,3;0;9,95;12,7;1,85;0,5
34;76;SCD du Conservatoire national des arts et matiers;;TTC;45,5;;1108200;;;;;1823145;173734;4000;893401,54;44222,71;80371,94;147471,19;;101077,91;122018;;;;;112423;182232;340284;41;59;22286,63;13080;7762;4247;1249;623;;91993;239285;3758;;258316;38009;;;;;;;;;;;;;;;;99;1704;2747;1354;0;;;;0;1;0;2300;;;;2991;165;395;;3120;165;;119;0;36;12;;;;2350;24;;2653;;146;2747;;;;;1;;30;34121;28958;37403;;43;;;;;;;2428;1880;113;133;320;82;;;;;;;;;106529;174567;141642;2707391;;;;;;550;46;0;50;2;33;201;302;531;61;36;31;38;27;3;5;1;;9;6;10;;;;1;;1;2;4;;1;;;;0;0;1112;;;;;;;;;;;;;;;;;
35;77;SCD du Collège de France;;TTC;43,68;0;546005;0;0;53211;71606;1622297;815592;85070;480768,47;54072,44;79594,37;14006,54;9429,49;212127,46;71167,44;0;4709,48;0;14394,32;538,42;66175,3;2181,34;;100;72051,06;37423,65;;;;;;;396705;3434;49451;433698;49451;8915;1699;146;1410;131;0;396705;3434;49451;433698;49451;8915;1699;146;;26,65;36190;0;0;100;;;;0;32;13116;0;;;;572;2108;617;0;582;2780;0;6772;3002;794;5;7366;3262;5;7336;3;0;7470;0;10463;0;0;;;;0;;54;61588;523026;17532;4;15;;;;;;;0;0;0;575;114;4307;;;;;;;11500;18960;13232;59105;4210;210168;0;0;0;69149;259217;485;50;;;;25;0;;;;70;63;62;43;3;3;2;;13;2;7;;3;0;1;;3;9;12;;6;0;1;;19;6;1223;8,2;6,12;0,35;8;3,4;2,1;0,84;0,8;1,6;0,6;0,45;0,6;0,42;5,7;2,6;1,9;
36;78;Service d'IST du Commissariat à l'énergie atomique;;HT;;0;;;;;;;;;4643471;;;;;182323;516902;;92830;;;7337;3114799;729280;;;;;39441;15485;7128;2627;14681;470;;;;;;;;;;;;;;;;;;;;;;;;;;;;;;;;;;;;;;;;;;;;;;;;;;;;;;;;;;;;;;;;;;;;;;;;;;;;;;;;;;;;;;;;;;;;;;;;;;;;;;;;;;;;;;;;;;;;;;;;;;;;;;;;;;;;;;;;;;;;;;;;;;;;;;;
37;79;SCD de l'Université de Technologie de Compiègne;0601609Y;HTR;16,18;142324;555185;0;0;45087;;831553;74778;;572382;25449;79779;2201;;39570,58;20971,85;0;56581,95;;;12490,05;113900,46;209605,67;40,26;59,74;0;0;2836;1920;561;327;218772;126545;34291;1787;3348;44150;4443;977;1726;24;641;326;8;;;;;;;;;;95;1158;1712;114;28,2;;;;0;6;11046;;;;;738;192;197;4;819;233;42;65;0;12;136;65;0;484;504;22;114;3229;607;48;55;0;;;;0;;44;44720;71715;219944;2;0;1234;57;40;110;53;11;;;;;;25;4273;422;;823;;28;73230;216904;154603;249598;26397;60505;;;;334848;153552;119;;;;;;141;839;0;19;252;208;408;358;;;;;;;;;;;;;;;;;;;;;30;1,38;414;;;;;;;;;;;;;;;;;
38;81;SCD de l'Université de Corse-Pascal-Paoli;7200111H;TTC;20,6;;752500;;;9500;;;;;576900;;105100;80000;;123000;121200;3100;17490;;;27710;260200;;40;60;5300;18900;3446;473;0;0;;58696;86241;597;3323;104609;3804;1935;701;56;1842;327;13;3227;102;1;3227;1;142;50;1;;99;192;83;;100;1041;1;;100;;2003;;;;;3821;393;306;75;4151;434;75;125;6;3;26;125;6;45;3107;33;36;3508;36;92;0;;285;0;;0;0;57;67548;394188;135177;7;5;3339;1049;96;;72;;;;;235;499;102;;;;;;;57957;176014;30025;69114;118044;;;;;48409;28416;120;43;1;1;6;38;156;718;103;31;377;357;78;67;2;6;6;;;;2;;2;1;;;;1;3;;;;;;9;6;2880;6;0,5;2,6;3,5;1;0,4;0,2;1;1;1;0,2;0,5;0;1;1;0,7;0
39;84;Service documentaire du Centre technique du livre de l'enseignement supérieur;;HTR;31;0;850312;0;1944,76;406951,4;1815,1;827198,22;122324,39;0;49573,42;626199,76;153047,25;54669;1484;327,42;0;0;0;0;0;0;0;0;0;0;49246;0;0;0;0;0;0;0;86507;160510;567315;72695;624045;2079;14474;9455;0;0;0;0;0;0;0;0;0;0;0;;80;0;0;0;0;0;0;0;0;0;0;0;0;0;0;0;0;0;0;0;0;0;9;245;1018;3531;9;266;3543;21;116;1;21;1;0;0;0;0;0;0;0;0;0;0;0;0;0;1;0;0;0;0;0;186;0;0;0;0;0;186;0;0;0;0;0;0;0;0;0;0;0;0;0;0;0;17467;1120;0;0;0;0;0;0;0;0;0;0;0;0;21003;19505;5;7;7;;1;0;4;;1;1;2;;1;2;2;;0;0;0;;0;0;278;2,5;7,5;0;7,5;0,5;0;0;1;0;3,5;0,5;0;0;4;4;0;0
40;85;Bibliothèque Cujas;0752707K;TTC;89,48;545271;1904258;0;0;326544;0;4231246;429648;0;1657789;157603;239745;157826;260000;570730;421088;;30697,98;0;5725;34813,98;62135;296926,04;45;55;212490;23183;0;0;0;0;0;0;385000;9469;140000;;;13000;10000;3000;760;240;;;411;;35084;3700;;400;350;;100;656;1339;;0;9216;;;0;6;1474;2198;;;;2259;2365;1208;81;5308;2402;92;373;109;22;281;373;109;281;1106;9;;1617;;64;98;;2048;;;;;51;33684;36658;;1;2;;;;;;;1927;6637;865;397;644;6938;;;;;;;1108770;3472499;522827;1363377;2089010;11701;;;;205387;1100049;80;62;;;;132;76;0;82;120;292;219;2100;1705;21;14;26;;1;1;1;;3;6;3;;1;1;11;;;;;;21;4,66;2405;;;;;;;;;;;;;;;;;
41;86;SCD de l'Université de Bourgogne;0211030F;TTC;;;1127798;;5419;101507;8000;5073594;267188;;1006388;84279;141167;3937;2304;258609;169734;27592;821;0;0;6348;259194;263425;42;58;20665;0;31857;8030;4080;1557;13346;;591904;4961;202161;678404;216212;19465;9703;2229;7735;248;212;49726;1540;85;60507;232;1759;2204;17;;85;34343;8262;0;98,72;;;;0;5;2917;0;;;;7853;268;938;1025;9400;284;1071;2803;280;25;386;3518;352;536;17127;40;189;21798;409;0;1557;0;;;;0;;32;70111;36550;965980;31;25;6218;3667;472;418;325;763;;;;;;;;;;;;;86612;577767;59345;553917;131706;;;;;355359;445533;0;136;811;129;93;122;701;8698;619;298;1896;1750;1074;1044;20;26;30;;3;5;2;;6;2;6;;0;1;9;;0;0;2;;58;3,56;2374;18,43;17,02;4,17;26,98;0,63;0,65;0,2;1,9;1,09;0,66;1,22;0;0,92;10,33;11,71;1,85;1,57
42;89;SCD de l'École Centrale de Lyon;;TTC;8,8;;267500;12000;;;167;468349;35423;13135;222548;;29088;;;27121;42374;924;941;0;0;10592;98495;42101;51,6;48,4;0;0;;;;;;;30457;340;4226;33033;5594;690;226;59;549;7;43;2241;58;5;2241;5;;;;;82,4;1293;3028;0;31;;;;0;42;21040;49349;;;;623;221;164;49;655;239;49;22;9;15;3;27;9;3;666;15;13;760;14;0;327;0;;;;0;;27;96299;97064;40752;11;18;172;458;57;;182;16;;;;;;;;;;;;;;;99492;187925;15349;;0;;;;;;35;0;0;70;45;95;578;351;0;81;76;42;38;2;3;;;1;1;;;;;;;1;;;;;;;;10;0,57;219;;;;;;;;;;;;;;;;;
43;92;SCD de Centrale-Supélec;;TTC;15,6;;470618;;;7500;;269472,6;575245;;510333;0;22000;4239;1108;34295;27571;0;28055;;;8650;330254;80264;23,1;76,9;1244;0;7508;6003;2074;1833;9608;78885;67284;1477;15408;76560;16974;2187;1185;261;850;52;28;19241;259;8;19241;8;550;183;;;73;1485;563;0;0;593;;;0;;4728;3406;;;;780;277;167;0;833;288;0;75;94;23;8;77;94;8;1980;15;214;2200;246;0;221;0;;;;0;;43;17049;19354;64825;1;35;0;867;76;205;0;36;0;0;0;0;0;79;;;;;;;29341;105670;63198;125778;87552;;;1049284;1054958;;5149;69;22;0;0;29;252;65;1265;73;86;109;104;180;178;1;2;;;;1;2;;;;1;;;2;;;5;2;;1;45;1,04;49;2,38;0,34;1,1;5,15;1;1,21;0,5;0,25;0,4;0,08;0,01;0;0;1,8;1,69;0,49;
44;103;SCD de l'École française d'Athènes;;TTC;7,4;;;;;;;112341;196296;17729;208616,1;;11965,3;4210,07;;81560,21;47840,55;;18283,4;;1612,8;;2212,83;;;100;21808,3;;;;;;;;62207;2174;23184;64371;23184;1929;1272;40;1695;1270;0;7800;200;;;;210;;;;66,8;;;;0;;;;0;24;3315;447;;;;;;;;;;;;;;;;;;;;;;;;;;;;;;;;447;3315;9973;;2;;;;;;;;11;413;277;118;;;;;;;;43685;;;;;;;;;49316;49316;;;;;;;;;;;10;5;120;52;1;1;;;;;;;;;;;;;;;;4;2;;;;20;1,8;0,1;;2,4;;;;1;;0,7;;;;0,5;;;0,6
45;104;SCD de l'École française de Rome;;TTC;14,83;19815;244000;;;1664;;832695;17211;;214937;51324;65706;;;93326,22;69010,17;;;;;;;8664,71;;100;43935,9;0;66;26;23;12;4000;;150265;2389;;155690;13344;4200;2650;;3250;2250;;1051;;;1120;;32;;;;54;;;;0;;;;0;;232;;;;;418;1120;463;;418;1120;;237;380;336;;237;380;;3853;;;3853;;;;;;;;;;50;50;232;19830;;38;;;;;;;;;;23;;1177;;;;;;;;;;;;;;;;210000;197000;;;;;;;;;;;23;23;90;90;1;1;;;;;;;;;;;;;;;1;4;7;1;2;0,55;160;6,43;0,1;;6;0,2;0,1;;0,3;0,2;0,2;0,1;;;1,2;;;
46;105;SCD de l'École française d'extrême-orient;;TTC;13;;;;;25;10525;480013;50000;;81221;;58501;4696;;71221;10000;;;;;;;1000;0;100;1827;3675;;;;;;;224328;3575;;224328;;6409;950;;1512;220;;7889;;;;;225;;;;54;7063;;;0;;;;0;;;;;;;;;;;57;2176;;;;;;116;3466;;;;;;;;;;;;;;;;;;9197;;;;;;;;;;76;233;117;1508;;;;;;;;;;;;;;;;;;;;;;;;;;;;;;;;;1;1;1;;3;1;1;;;;;;;;;;;;;5;;;;3,5;3,5;3;2;;;;0,2;0,3;0,3;;;;0,2;;;
47;108;SCD de l'École nationale des chartes;;TTC;10;0;233500;0;0;54573;0;273595;142548;0;186254,62;10592;43688;0;0;47720,85;49837,8;0;5350,8;0;0;2935,13;4000;23901,04;0;100;52509;0;;;;;;;101670;1130;1501;115002;1528;2640;1307;;;;;937;17;0;1892;0;;;;;87;15138;5;0;42,01;124;;;0;8;1079;251;;;;582;364;357;;593;375;;1963;833;110;;2003;859;;0;0;0;0;0;2729;0;0;39;0;0;1283;;36;251;1079;2499;0;0;0;38;40;15;149;23;0;156;72;28;1268;665;0;0;0;0;0;0;526;4482;53;408;928;20344;;;;9560;18019;;2;0;12;0;0;0;0;0;0;14;14;124;96;1;3;0;0;0;0;0;0;0;0;1;0;1;0;3;0;0;1;0;0;2;0,49;182;2,18;0,15;0,01;6,05;0,07;0;0;0,27;0;0,08;0,14;0;0,05;0,99;0,91;0,09;0
48;116;SCD de l'École nationale supérieure d'arts et métiers;;TTC;20,1;;326313;;;;;1148769;54536;;253090;;73223;;;36370;38898;969;9827;;;;60952;106074;70;30;;;0;3134;0;434;285393;75911;59693;1386;2835;72362;;2127;;;2127;;;10600;70;;;;160;;;;90;0;1150;;10;;;;0;;635;;;;;;;304;;1023;117;;0;0;;;;;;;;;2414;;0;650;0;;;;0;;27;0;330;193929;;62;56;2054;61;180;217;28;;;;;;;;;;;;;;;3331;375002;;;;;340574;33247;56136;;;;;;;;;;;;69;;48;;;;;9;5;10;;;;;;1;;;;;;;;44;;358,7;;;;;;;;;;;;;;;;;
49;135;SCD de l'École pratique des hautes études;;;;;;;;;;;;;;;;;;;;;;;;;;;;;;;;;;;;;;;;;;;;;;;;;;;;;;;;;;;;;;;;;;;;;;;;;;;;;;;;;;;;;;;;;;;;;;;;;;;;;;;;;;;;;;;;;;;;;;;;;;;;;;;;;;;;;;;;;;;;;;;;;;;;;;;;;;;;;;;;;;;;;;;;;;;;;;;;;;;;;;;;;;;
50;144;SCD de l'École normale supérieure Paris-Saclay;;TTC;8;0;0;0;0;3650;0;388985;30984;16986;257230,37;0;18884,89;0;2528,58;15045,7;43412,42;0;1036,07;0;0;8039,48;137298,83;52397,87;;;0;0;15327;9691;1466;752;314976;177800;45122;1319;2493;56775;3600;;;;;;;264;0;1;323;1;6;;;;100;0;744;0;0;;;;0;2;12;0;;;;350;;4;;624;;;0;;0;;0;;;6438;21;;6800;;0;0;0;;;;12;;37;24924;39509;76261;0;2;164;387;52;99;65;;164;387;52;99;65;;;;;;;;6448;27222;41074;125620;2629;;;;314976;;27558;0;9;118;0;0;0;11;0;18;5;119;115;105;94;1;1;2;;1;1;;;;;1;;;1;;;;;;;5;0,78;84;2,3;0,05;0,05;3,5;0,8;0,05;0,1;0,7;0,1;0,1;0,05;0;0;0,6;0,3;0,1;0
51;145;SCD de l'École normale supérieure de Lyon;;HTR;81,7;65000;543437;18400;0;9158;526047;4480000;98000;;895540;0;178500;52600;;233731;193692;6485;;;;;;444132;;100;16900;600;40855;11619;6211;1831;4022;;;;;;;;;;;;;;;;;;;;;;;13322;264;0;98;172;7;0;;;;;;;;;;734;;4467;2308;397;;;;;;9025;;;24;;4033;;74;86;0;123;3;0;;;57;28545;253493;391501;;;387;2051;441;;1173;1090;;;;;;1459;;;;;;;;;;;;;;;;;1401327;;96;;;;167;110;316;351;35;2072;1756;1711;1479;16;20;23;;7;5;3;;1;1;3;;2;1;;;;;;;6;0,4;923;;;;;;;;;;;;;;;;;
52;148;SCD de l'École normale supérieure de Rennes;;TTC;2;2618;50600;0;0;0;0;92572,5;0;0;41840,25;0;3668,71;0;0;16931,16;24075,87;20;0;0;0;0;0;0;75;25;813,22;0;169;462;31;222;151990;69493;11124;192;1107;;;232;145;18;176;21;14;0;0;0;0;0;0;0;0;1;;0;4;0;0;;;;0;0;0;0;;;;484;82;3;56;;;;27;5;0;0;;;;2042;6;0;;;0;4;;;;;0;;0;0;0;25134;0;0;106;259;8;27;9;6;;;;;;;;;;;;;0;0;0;0;0;0;0;0;0;;;0;3;32;13;0;0;2;24;0;0;10;10;2;2;0;0;1;0;1;0;0;0;0;0;0;0;0;0;0;0;0;0;0;0;0;0;21;0,5;0,1;0,05;0,3;0;0,15;0;0,05;0,05;0,05;0,1;0;0,1;0,25;0,2;0,1;
53;149;SCD de l'École Normale Supérieure;;TTC;52,83;29342;1427727;0;0;29485;53397;2479648;382689;;908221;107084;56273;93494;;250691;121331;;10446;;;50116;99096;261607;;100;106123;8811;20946;10499;1199;1172;;;540673;4972;49527;662466;63547;18928;1591;1767;15071;931;883;11755;17;117;23463;596;670;1;17;;51,12;429;71;;48,4;4107;;;0;0;13072;;;;;2642;3084;860;;2693;3238;;1004;1390;405;;1047;1435;;1560;61;4;1560;115;29;1;;657;;;157;;355;52112;287310;182228;11;1;272;1714;237;530;34;2724;272;1714;237;530;34;2724;;;;;;;;;;;;8274;;;;612431;5932847;1848;18,5;160;14;21;19;48;77;84;3;;;;;6;2;2;;15;6;18;;3;0;0;;2;0;0;;4;0;2;;22;2;1086;12,7;0,4;0,3;28,25;1,9;0,2;0;1,6;0,5;0,1;0,1;0;0;3,3;1,1;0,5;0
54;151;SCD de l'École nationale supérieure des sciences de l'information et des bibliothèques;;;11,6;0;0;0;0;0;;537154;60443;;;;;23720;;28520;47473;718;3297;;;45173;10263;;0;0;1000;6162;110;60;73;22;9303;5178;30917;1123;417;38132;417;;;;;;;19;4;0;26;0;0;0;0;;85;31;67;60;0;;;;0;;478;1;;;;772;112;220;;922;116;;36;;11;;73;0;;1706;10;;1706;;30;65;;;;;28;;27;;;33303;5;26;;;;;;;;;;;;;265;16;3;97;48;268;;;;;;;;;;625687;15990;799;22;;;;124;20;;120;;60;48;63;42;4;4;3;;;1;;;;;;;;;;;;;;;2;0,08;;1,5;0,9;0,5;2,2;1;0,3;0,1;1,8;0,6;0,4;0,3;0;0,2;1,5;0,2;0,1;
55;154;SCD de l'Université d'Evry-Val-d'Essonne;0912167L;TTC;42;231125;622635;0;0;18588;0;1759153;312268;84696;733348;0;116644;19580;2775;287431;150994;13008;23661;0;0;8631;88782;116928;61;39;43913;0;4134;1758;499;340;1220;222163;145857;1176;7834;216498;8755;5925;;125;4512;;112;0;0;0;0;0;0;0;0;;96,48;45;607;0;54;;;;0;10;15376;4922;;;;7896;285;508;280;10860;300;288;611;4;0;0;1069;4;0;3428;17;1;5137;1;0;72;0;;;;0;;33;24259;396016;295187;9;5;2721;1427;40;67;94;298;8111;2402;70;98;149;1787;;;;;;;26436;168119;28264;136204;25181;0;0;196478;416705;105391;91190;0;14;25;0;0;90;382;1825;334;17;251;251;159;154;6;11;10;0;2;2;1;0;1;0;2;0;3;1;3;0;0;0;0;0;24;3;359;13,56;0,44;0,85;15,07;1,68;0,32;0,05;2,74;1,05;0,46;0,17;0;0,04;2,57;2,21;0,28;0,52
56;156;SCD de la Fondation nationale des sciences politiques;;TTC;93,82;39205;48266;;;12020;206341;6215386;145314;;1241372;167832;466411;77191;0;306520;107364;;63393;;;26757;373590;257993;25;75;55830;49925;24329;9480;2380;1402;98339;16125;662973;3823;12508;784594;19818;19001;5816;360;1993;138;29;168917;1730;;168917;;4223;;;;98;907034;293;;98;18549;5;;0;;16301;;;;;4246;3576;12;18;5085;3927;18;636;563;4;;581;708;;2698;136;;4156;;1722;91;;480;1;;;;93;47311;22679;974525;3;10;3619;5834;736;1127;;1181;;;;;;;;;;;;;;1060651;519306;2213825;543229;271460;;12838;16125;971546;889549;3323;155;;;;1109;509;4633;1453;300;683;506;1818;1416;;;;;;;;;;;;;1;;3;;49;15;28;;46;5;1628;25,22;6,4;1,3;28,2;2,2;1;;4,2;1;2;1;;1;14,8;1,5;2;2
57;159;Service d'IST du Génopole;;;;;;;;;;;;;;;;;;;;;;;;;;;;;;;;;;;;;;;;;;;;;;;;;;;;;;;;;;;;;;;;;;;;;;;;;;;;;;;;;;;;;;;;;;;;;;;;;;;;;;;;;;;;;;;;;;;;;;;;;;;;;;;;;;;;;;;;;;;;;;;;;;;;;;;;;;;;;;;;;;;;;;;;;;;;;;;;;;;;;;;;;;;
60;173;SCD de l'Institut national des sciences appliquées Centre Val de Loire;;;4;;14990590;;;;;97488;86745;;83188;;7240;;;19942,4;23718;1559;;;;10554,89;8647,4;18766,31;;;;;0;0;0;0;0;0;13158;171;6081;15472;;462;95;;;;;;;;;;;;;;;;;;;;;;;;;;;;;579;81;171;16;620;122;16;58;;;;58;;;401;2;;482;;;;;;;;;;8;;;;1;;193;436;31;39;58;14;;;;;;14;;;;;;;;;;;;;;;;6822;;;;;;;;2;96;;;84;84;26;26;;;;;;2;;;;;;;1;;;;1;;;;4;;46;15,5;16,75;3;16,75;5,5;;;;2;1;11,75;0,25;;10;;7,5;10
61;178;Bibliothèque de l'Institut de France;0755355N;TTC;19,75;0;268496;0;0;16472;;1076991;79092;0;150600;11914;50198;48178;0;14004;27132;13838;;;;;;;;;88091;7535;0;0;0;0;0;0;;;;;;;;;;;;;9325;;;;;;;;52;;;;;;;;;;;;;;;265;48;213;8;;;;1969;268;;20;;;;;;;;;;;;;;;;;;;;2891;3;88;;;;;;;;;;;;;;;;;;;;;;;;;;;;;;;;;;;;;;;;;;;;5;4;6;;1;;;;;;2;;;2;;;;;;1;0;;;;;;;;;;;;;;;;;;;
62;180;Service d'IST de l'Institut de radioprotection et de sûreté nucléaire;;;;;;;;;;;;;;;;;;;;;;;;;;;;;;;;;;;;;;;;;;;;;;;;;;;;;;;;;;;;;;;;;;;;;;;;;;;;;;;;;;;;;;;;;;;;;;;;;;;;;;;;;;;;;;;;;;;;;;;;;;;;;;;;;;;;;;;;;;;;;;;;;;;;;;;;;;;;;;;;;;;;;;;;;;;;;;;;;;;;;;;;;;;
63;182;Service d'IST de l'Institut de recherche pour le développement;;HT;11,9;;;;;355000;;;;;268153;;86847;;;5489;47288;;97;;;1200;150609;;;100;900;22500;97950;81638;2696;2407;2628918;56431;195550;1740;;;;;;;;;;97950;;;;;;;;;90;81638;1986;;80,79;;;;0;;113;30000;;;;95;20;5;;;;;;;;;;;;325;5;;;;2407;19;;;;;2;;;30000;63000;;;;;;;;;;;;;;;;;732;;;;;;;;;;56431;;;;;2628918;;144;;;;465;;;;;296;271;127;122;;;;;10;3;;;;;;;;;;;;;;;;;;;;;;;;;;;;;;;;;;
64;190;SCD de l'Institut français d'archéologie orientale du Caire;;TTC;8;;103650;;;7000;;144065;29605;0;74355;148;26072;41628;0;38869;28862;0;0;0;0;0;1693;0;0;100;1434;3497;40;27;13;4;6152;;55675;1181;287;36937;287;1238;1847;3;953;1847;0;1890;0;0;1890;0;63;0;0;;19,77;111;0;0;100;;;;0;0;0;0;0;0;0;101;543;100;1;103;589;1;77;200;69;7;77;224;7;0;0;0;0;0;49;0;0;;;;0;;2;28;407;2535;;20;0;0;0;0;0;0;24;216;81;33;96;150;0;19;3;17;144;6;;;;;;7650;0;0;6152;;;;6;0;0;0;9;;;;;5;5;8;7;1;0;0;0;0;0;0;0;0;0;0;0;0;2;0;0;0;3;2;0;0;0;197;4,88;1;1;1;0;1;0;0;0;2;1;0;0;1;1;2;0
65;192;Service d'IST de l'Institut français de recherche pour l'exploitation de la mer;;;;;;;;;;;;;;;;;;;;;;;;;;;;;;;;;;;;;;;;;;;;;;;;;;;;;;;;;;;;;;;;;;;;;;;;;;;;;;;;;;;;;;;;;;;;;;;;;;;;;;;;;;;;;;;;;;;;;;;;;;;;;;;;;;;;;;;;;;;;;;;;;;;;;;;;;;;;;;;;;;;;;;;;;;;;;;;;;;;;;;;;;;;
66;193;Service d'IST de l'Institut Français des Sciences et Technologies des Transports, de l'Aménagement et des Réseaux;;HT;13,62;;;;;;;;;;549302;;36508;8632;14913;8820,01;48072,46;;;;;935,4;491474,13;;;100;0;0;27341;21675;314;1430;4618;3639;74188;1041;3527;86421;5339;;;;;;;22;;;22;;;;;1;;;687;;0;;;;0;;;;;;;41;71;;;;;;21;16;;;;;;;;;;;;;;;;;;;16;19000;47000;;;;;;;;;;;;;;;;105;290;58;596;706;38;;13000;27000;60000;4038;;;;14408;;11135;1172;;;;;;;;;;80;80;;;;;;;;;;;7;7;1;;;;;;;;;;;;;;0,99;0,09;2,59;;6,19;0,12;0,56;;0,31;0,69;;;1,59;0,25;0,24;
67;194;Service d'IST de l'Institut français du pétrole et des Energies Nouvelles;;;;;;;;;;;;;;;;;;;;;;;;;;;;;;;;;;;;;;;;;;;;;;;;;;;;;;;;;;;;;;;;;;;;;;;;;;;;;;;;;;;;;;;;;;;;;;;;;;;;;;;;;;;;;;;;;;;;;;;;;;;;;;;;;;;;;;;;;;;;;;;;;;;;;;;;;;;;;;;;;;;;;;;;;;;;;;;;;;;;;;;;;;;
68;196;Service d'IST de l'Institut national de la recherche agronomique;;;;;;;;;;;;;;;;;;;;;;;;;;;;;;;;;;;;;;;;;;;;;;;;;;;;;;;;;;;;;;;;;;;;;;;;;;;;;;;;;;;;;;;;;;;;;;;;;;;;;;;;;;;;;;;;;;;;;;;;;;;;;;;;;;;;;;;;;;;;;;;;;;;;;;;;;;;;;;;;;;;;;;;;;;;;;;;;;;;;;;;;;;;
69;197;Service d'IST de l'Institut national de la santé et de la recherche médicale;;HT;9;;2798500;;;;;747611,77;12745,15;;2700000;6500;92000;;;;;;;;;0;2511576,29;188423,71;;100;;;199;3478;19;243;;;;;;;;;;;;;;;;;;;;;;;;1884;;;100;;;;0;;;9212;;;;;;;;;;;;;;;;;;;;;;;;;;;;;;;17965;5275;;;;;;;;;;;;;;;;;2763;5986;497;1358;;;;;;3561731;1541275;4388261;;;;3160406;362470;;;;;;;;;;;;;;;;;;;;;;;7;3;;;1;;;;;;;;;;;0;0;0;0;1,4;1,54;0;2,1;0;1,15;0;0;0;0,97;0,9;0,3;0,64
70;198;Service d'IST de l'Institut national de l'environnement industriel et des risques;;;;;;;;;;;;;;;;;;;;;;;;;;;;;;;;;;;;;;;;;;;;;;;;;;;;;;;;;;;;;;;;;;;;;;;;;;;;;;;;;;;;;;;;;;;;;;;;;;;;;;;;;;;;;;;;;;;;;;;;;;;;;;;;;;;;;;;;;;;;;;;;;;;;;;;;;;;;;;;;;;;;;;;;;;;;;;;;;;;;;;;;;;;
71;199;Service d'IST de l'Institut national de recherche en informatique et en automatique;;HT;15,5;;;;;;;965458;140752;;818254;;;;;;;;14149;;;4182;781741;18182;;100;;;39330;59108;973;5327;10038344;5880395;39733;1710;71200;57204;74775;1600;2000;750;;;;1190;;70;2240;70;70;;2;;38;;;;0;;;;0;4;11533;2356;;;;;;;;;;;;;;;;;;3848;;;3848;;;;;;;;;;34;3178;26005;;;;;;;;;;;;;;;;;;;;;;;51400;53987;160600;;;;;;;;;;;;;;;;;;242;251;0;0;;;;;12;4;;;;;;;1;1;;;1;;;;1;0,4;;0;1,3;;1,2;;5,35;0,1;0,2;;;;2,15;;2;;0,6;2,6
72;200;Service d'IST de l'Institut national de Recherche en Sciences et Technologies pour l'Environnement et l'Agriculture;;;;;;;;;;;;;;;;;;;;;;;;;;;;;;;;;;;;;;;;;;;;;;;;;;;;;;;;;;;;;;;;;;;;;;;;;;;;;;;;;;;;;;;;;;;;;;;;;;;;;;;;;;;;;;;;;;;;;;;;;;;;;;;;;;;;;;;;;;;;;;;;;;;;;;;;;;;;;;;;;;;;;;;;;;;;;;;;;;;;;;;;;;;
73;206;Bibiothèque de l'Institut national d'études démographiques;;;;;;;;;;;;;;;;;;;;;;;;;;;;;;;;;;;;;;;;;;;;;;;;;;;;;;;;;;;;;;;;;;;;;;;;;;;;;;;;;;;;;;;;;;;;;;;;;;;;;;;;;;;;;;;;;;;;;;;;;;;;;;;;;;;;;;;;;;;;;;;;;;;;;;;;;;;;;;;;;;;;;;;;;;;;;;;;;;;;;;;;;;;
74;207;Bibliothèque de l'Institut national d'histoire de l'art;;HTR;70;0;797997;0;;204604;61000;;452558;8507;975912,79;1108686;240715,25;84116,53;;333887,21;128578,78;300402,2;14076,2;;;;78265,12;;;100;114530,15;6173,13;;;;;;;604359;9415;47827;856029;;14185;3085;2669;3128;1279;;;;;;;569;162;1940;;78;1217817;;;0;15000;;;0;;;;;;;2471;4799;1102;980;2471;4799;980;1196;1567;;3820;1196;1567;3820;;;;;;14770;;;791;;;23;;18;162;;108929;3;45;;;;85;;;;;;;;;;;;;1326;10868;;;;50301;;35327;;;;843255;927718;755;33;;;;126;;;;;128;104;1234;847;21;11;13;;;;;;1;6;8;;3;4;2;;2;;;;;15,6;1512;21;20;5;14;5;0;0;8;2;2;2;1;1;10;4;5;0
75;213;Service d'IST de l'Institut Pasteur;;;12,64;;;;;;1395286,19;;968014,51;;1258800,34;555,55;133135,35;0;2794,95;733,86;3385,64;1203,04;25757,33;0;0;37729,86;1010291,82;179698,79;0;100;0;0;3038;2902;283;578;5564;289623;43281;3247;4213;64103;4213;989;5791;182;106;2;10;6137;616;2;6137;2;;;;;63,94;678;0;0;100;349;0;0;;;8656;10023;;;;35;6;9;10;35;6;10;12;12;0;56;13;12;56;0;0;1;0;1;73;0;0;34;0;0;0;0;29;13607;53739;2027;0;27;;;;;;;;;;;;;366;882;353;1183;0;0;57488;639936;83307;1276195;;1463;;;;18746;15739;55;60;;;;106;;;;;358;358;;1;;;;;;;;;;;;;1;;;;5;;;6;;;282;1,06;0,36;0,54;1,28;2,66;2,05;0,31;1,03;0,18;0,15;0,06;0;0,47;0,87;0,53;0,9;0,19
76;220;SCD de l'Université de La Réunion;9740064B;TTC;60,07;0;768000;0;0;20096;0;3756659,14;262205,3;0;561927,61;0;205426,17;0;3515,75;151842,39;155999,67;4239,69;0;0;0;26910,4;114779,75;108155,71;65;35;0;0;7006;2354;1112;711;5043;;154870;2054;4561;221573;6790;4285;2201;69;3548;331;36;660;0;0;764;0;18;0;0;;98;1735;1161;34;13;;;;0;9;70626;30159;;;;5912;475;639;72;6616;606;77;401;111;6;19;480;122;17;16262;41;149;19463;197;374;81;10;;;;0;0;37;30159;375788;602454;22;10;;;;;;;3385;1438;158;;424;594;;;;;;;;184776;;288963;21029;;;;;182593;;794;71;2178;260;21;487;353;4026;232;202;1073;909;105;96;10;14;21;;1;1;1;;1;1;3;;0;1;6;;0;0;0;;27;4,1;1890;20;2,4;3,6;16,6;1,9;0,9;0;0,9;0,8;0;0,2;0;0;6,8;4,3;0,7;3,9
77;222;SCD de l'Université de La Rochelle;0171482U;TTC;34,28;135456;394086;5000;300;44359;;1664786;117955;11376;429544;20000;150637;10398;;134974;74033;9789;1266;;;;197276;;;;12206;0;4543;2409;1103;461;2880;556752;104989;945;4559;120378;125845;3173;1200;98;2405;55;45;9242;;;10157;;305;;;;;;;;0;;;;0;6;13446;18;;;;5006;134;276;107;5687;134;124;139;13;7;0;161;13;0;7220;19;;8458;;;;;;;;;;24;58584;334904;317244;9;1;2538;1175;48;135;36;;;;;;;;;;;;;;36371;238018;19025;154489;2526;;;;768765;;74704;381;67;497;6;0;57;130;1479;97;7;624;592;543;495;6;10;11;;;1;1;;;1;2;;;2;0;;;;1;;9;0,28;677;;;;;;;;;;;;;;;;;
78;225;SCD de l'Université Le Havre Normandie;0762856S;TTC;38,68;919000;;;;19612,44;25216;1757203;218201,11;;523586,27;;281513,86;55174,88;;174865,79;141288;3749,29;1265,79;;;17842,08;59438,82;125136,5;70;30;;;2710;1607;746;335;364995;229392;127959;1407;5541;164208;13160;3370;1363;86;2990;136;;;;;;;;;;;98;;294;;;;;;0;2;2583;783;;;;5286;414;383;128;6916;622;232;;;;;;;;;101;;2613;155;;45;;;;;30;;42;37631;177168;371976;2;8;2352;916;74;91;;;;;;;287;188;;;;;;;28444;98413;57292;180924;;;;259476;;121856;137378;723;71;79;92;6;275;859;2490;614;;350;327;975;906;6;13;12;;;;;;;1;1;;1;;;5;;;;;17;1,76;789;14,77;0,65;3,14;9,85;0,97;0,25;;0,57;0,82;0,33;0,92;;;3,45;3,55;0,57;
79;226;SCD de Le Mans Université (Ex Université du Maine);0720850H;TTC;38,3;308836;577267;46000;;30330;;1683642;97933;;508945;;339013;64324;;175789;93705;;;;;;234451;;;;5000;;;;;;;;;396;;219903;;4538;2623;;3274;265;;;;;3439;;167;;;;88;61;1255;;0;;;;0;;;;;;;;;414;;6440;318;;;;;50;1195;;;4374;9;;4374;;4;101;;;;;;;32;26187;26906;441495;10;6;2326;773;52;554;252;;;;;;;341;;;;;;;252923;;;;;;;;;33164;;381;74;35;;;55;38;115;;98;903;865;615;564;8;11;17;;2;;;;;;2;;;;;;;;;;10;2,3;822;17;2,1;2,6;5;1;0,9;;0,5;0,2;0,2;0,5;0,4;0,8;5;1;1,1;
83;231;SCD de l'Universite de Limoges;0870111Y;;;;;;;;;;;;;;;;;;;;;;;;;;;;;;;;;;;;;;;;;;;;;;;;;;;;;;;;;;;;;;;;;;;;;;;;;;;;;;;;;;;;;;;;;;;;;;;;;;;;;;;;;;;;;;;;;;;;;;;;;;;;;;;;;;;;;564;130;2;42;35;4;646;3145;1737;88;;;;;;;;;;;;;;;;;;;;;;;;;;;;;;;;;;;;;;;;;;;;
84;233;Bibliothèque littéraire Jacques Doucet;;TTC;9,8;700;;;;;;105153;;1705;122743;;;64733;;807;;105945;;;;;;;;100;15991;;;;;;;;;210;;25214;180068;722;;840;6;;;;;;14513;180068;378;;840;;90;;0;0;0;;0;0;0;;;;;;;24;2;;10;24;2;10;204;11;;14;204;11;14;;;;;;0;0;0;0;0;0;0;0;;;;;;;;;;;;;0;22;46;57;132;;;;;;;;;;;;;;;;;;3325;;;;;;;;;;;;;;;3;;2;;;1;;;;;;;;1;;;;3;;;4;;;;;;;;;;;;;;;;;;;
85;234;SCD de l'Université du Littoral-Côte-d'Opale;0596013R;TTC;51,18;146336;423388;;;8860;;1941530;378671;0;416303;49588;134390;64724;156920;67656;31633;11371;872;0;0;34919;187741;78889;50;50;3222;0;;;;;;;108405;226;9302;116398;17878;3857;544;36;2615;119;36;;;;;;;;;;100;;;;0;;;;0;0;7075;0;;;;2455;180;226;260;2781;193;263;170;52;;8;172;54;8;5188;;168;5559;189;;22;;;;;;;25;12014;12002;333861;18;33;1607;407;25;203;244;478;;;;;;;;;;;;;71912;99195;158482;171928;50778;0;0;0;0;326380;40712;381;25;46;0;0;375;573;1536;262;36;0;982;0;87;6;11;23;;1;1;0;;0;2;3;;0;0;1;;0;0;1;;26;2,23;959;15,63;3,04;5,12;8,26;1,96;0;0;3,01;1,22;0,15;0;0;0;5,57;3,88;0,45;0,6
86;235;SCD de l'Université de Lorraine;0542400R;TTC;190;1294698;1289991;;17368;121022;5500;9341134;739632,96;;2300054;;371924;56601;;773701;242492;13797;8679;;;115293;780842;321071;56,54;43,46;44179;;45312;27400;13549;12288;45748;;1042551;11532;139501;1242299;142978;34131;19133;3356;16201;1201;4;;;;;;;;;;92,87;10432;9356;;0;;;;0;;51881;;;;;22250;1023;1349;525;28931;1210;525;3671;0;0;0;4316;0;0;32149;74;1057;38017;1057;0;1644;0;;;;;;64;53303;381130;2138370;69;134;12150;8184;721;1069;1101;2583;;;;;;;;;;;;;;443527;;1316551;;;;;;;;;567;363;1;163;3259;2247;8915;2620;0;1767;1293;1938;1658;30;45;64;;9;6;10;;2;2;7;;;5;10;;;1;2;;41;3;5427;51,35;7;12,9;59,6;4,05;2,25;0;1,85;3,85;0,8;2,6;0,1;1;19;14,65;2,25;2,45
87;236;SCD de l'Université Claude Bernard Lyon 1;0690246T;TTC;94;1021000;1677250;30000;7484;64687;2042982;4485706;837976;0;1676112;0;980073;52000;1685847;345977;240680;0;24048;0;0;97371;734661;176804;33;67;40392;16179;58099;18537;10011;2911;3089;443202;257419;5776;93360;379072;105362;21727;12766;;;1063;;;;0;32390;0;1115;75;0;;73;1152;8102;49;70;134;59;0;0;25;2906;6411;;;;7215;378;449;174;13056;392;177;628;800;272;950;1092;819;950;6004;193;;10981;;13;1252;24;3;7;0;0;0;76;22792;50901;2187162;7;45;4952;5082;823;915;104;2429;0;0;0;0;0;;;;;;;;232657;343331;222944;792094;12115;43204;70430;791680;;1514687;162230;289;175;0;297;51;5;1452;3556;1523;26;1851;1846;4644;4043;22;22;20;;1;3;2;;3;2;7;;2;4;16;;1;0;3;;97;12;2742;23,5;8,5;6;18;3;1;0;4;1,5;0,5;1;0;0;12;14;1;0
88;237;SCD de l'Université Lumière-Lyon 2;0693782L;TTC;66,64;617632;836095;80000;;;;3753153;143378;;1218548;;96831;74970;;348838;84813;26049;75917;;115048;30489;271794;230218;55;45;35382;;40263;10731;3834;1297;;;297959;2808;18359;427196;23900;10680;2141;598;8274;215;115;;;;;;;;;;98,3;118;2455;;0;;;;0;49;80981;33673;;;;9738;856;526;712;14067;918;715;658;91;0;0;658;91;0;10877;232;;26171;;;149;;;;;;;79;672688;96232;923034;0;2;7316;4772;387;557;509;3240;;;;;;;;;;;;;96080;448253;760150;583602;1174456;;;;;405352;;823;77;3;38;78;89;200;10414;391;215;422;391;777;662;20;18;13;;2;;1;;;2;4;;1;1;4;;;;;;36;5,43;572;22,32;0,9;4,13;19,08;3,1;0,2;0;1,9;0;0;0;0;0,1;7,7;5,66;1,1;0,45
89;238;SCD de l'Université Jean Moulin Lyon 3;0693783M;TTC;69,83;629577,67;970002;;1500;8609,29;24496,27;3062710;428600;;903372,68;19629,24;273265,33;72038,63;;328318,69;71159,8;4058,95;632,69;;;92055,64;116280,66;284028,25;;;6838;;22377;3872;5081;786;;1080000;248290;1273;6280;326141;18348;6724;1391;58;4546;352;0;3266;83;;4585;;;;;;90;6;1123;0;47;;;;0;9;3471;2266;;;;6133;1053;342;80;10207;1108;94;274;1085;;;324;1245;;6920;48;;20816;;4;79;;;;;0;0;67;66274;124000;1070492;1;34;6259;4768;313;294;;2987;;;;;;;;;;;;;619983;1823624;3177405;616106;2524792;;;2690;;95495;257168;176;;;;;;;;;;;;;;15;15;16;;3;0;0;;3;2;3;;2;4;3;;0;0;2;;23;6,64;2652;30,24;2;3;13;3;3,4;0;3;1;0;0;0,2;0;3,9;5;2,5;
90;239;SCD de l'Institut national des sciences appliquées de Lyon;;TTC;24;487000;;25816;40627;;;1082532;188000;80000;330800;42369;48472;53842;11562;46968;59542;71;2749;;;15558;148319;57593;41;59;0;0;31817;10974;9183;2437;;;96242;2113;4403;128031;4917;2333;1363;92;1498;31;0;;;;;;;;;;59;;1154;332;0,65;;14;1;0,95;;;;;;;1233;101;326;;1352;101;;234;;;;234;;;;;;5059;;;126;;;3;;;;38;6226;9964;242372;28;;1906;953;20;257;;183;;;;;;302;;;;;;;39518;138635;37901;181990;67870;;166669;600168;25528;265633;32183;131;70;900;;;;655;2392;370;34;61;60;115;113;0;4;2;;6;5;2;;1;;1;;1;1;1;;1;;1;;20;3,1;657;8,6;0,2;3,5;4,7;1,8;;;0,8;0,5;;0,1;;1;2,5;;0,3;
91;242;SCD de la Maison des Sciences de l'Homme;;HT;26,98;0;529320,53;0;0;629,45;0;1190972,76;447829,11;0;227220,28;32946,75;38964,78;0;230818,17;42775,57;18681,35;0;29328,4;0;0;2081,66;96037,19;38316,11;0;100;0;0;0;159;0;5;14378;79349;176418;8265;6493;234667;20865;5286;4845;226;0;16;0;1561;350;0;1590;0;23;17;0;;97,45;2615;0;0;0;126;0;0;0;19;6225;0;0;0;0;683;589;158;5;685;589;5;1114;908;140;16;1187;985;18;0;26;28;0;2280;0;0;0;0;0;0;0;0;19;3427;5097;7760;1;0;;;;;;;;;;;;;0;0;0;93;1021;1897;351;10225;16589;61221;95971;125;0;0;0;;192264;63;63,3;0;14;55;33;;;;;148;92;304;191;0;0;0;0;9;6;7;0;0;0;0;0;0;0;0;0;6;3;1;0;0;0;407,3;3,23;4,6;1,4;8,15;1,9;0;0;1,3;0;0,6;0,05;0;0;4,35;0,7;0,75;0
92;243;SCD de l'Université Paris-Est Marne-la-Vallée;0772522Y;TTC;51,6;302838;442091;2058;;;;2098199;375949;9750;595254;53916;151733;0;0;169129;102635;5692;108825;166343;42032;;;;41,94;58,06;598;;14575;6124;2137;844;;;119286;1654;5134;176710;6399;3798;1615;157;2980;111;61;1114;;;1229;;24;;;;94,63;0;0;0;0;;;;0;52;;;;;;6321;62;443;114;7119;65;114;33;4;1;398;33;4;398;5375;13;128;5375;128;;;;;;;;;43;857;;213650;12;0;;;;;;;1837;1508;76;159;78;170;;;;;;;14676;;;;;0;0;0;0;;32401;22;0;0;0;0;0;236;1941;400;10;56;47;90;67;7;12;18;0;0;0;0;0;2;1;1;0;0;0;9;0;1;0;2;0;14;2,02;1910;21,5;6,15;0,3;15,65;1,4;0;0;1,1;0,1;0;0;0;0,3;1,8;1,9;0,1;0
93;245;Bibliothèque Mazarine;0754945T;;31;0;270300;0;;140385;;1461590;49078;;73544;109409;61950;66273;;18379;14557;17145;;;5865;;;;25;75;15407;2191;;;;;;;;1047;40443;529860;3550;11916;;;160;1;;200000;;5233;200000;;;;;;75;509;;;100;277;;;0;23;16;;;;;216;75;136;1;217;76;33;123;95;0;1;123;95;1;0;0;0;0;0;185;;;;;;;;2;20;;23036;3;90;;;;;;;1064;1157;267;290;1371;4149;;;;;;;;;;;;10031;;;;66660;48857;179;212;126;125;0;534;;;;;;3;44;44;6;4;6;;1;;;;2;5;2;;;6;;;;;;;;;143;3,5;4,5;0,5;8;2;;;2;1;1;1;2;1;2;3;0,5;0
94;247;Bibliothèque Interuniversitaire de Montpellier;0340834X;TTC;165,3;1353732;1325327;0;0;514562;;8412083;244036;61417;2304634;159830;698791;258382;568119;453427;80448;25038;21721;;;92843;696680;906140;;;22447;5890;60040;13866;16748;3259;;725;624683;22211;182539;805553;221458;20360;11855;1265;9987;1752;229;115027;5318;128465;77132;19418;2715;2310;575;;97,1;846;9996;202;64;;;;0;4;0;0;;;;10008;1060;1806;257;14017;1033;257;300;2266;127;;319;2268;;17421;39;121;23189;145;92;1428;26;;;;0;;107;123407;59529;2075032;30;118;20719;8621;3382;;5464;377;;;;;;1038;;;;;;;1495548;;;;3092533;30394;63855;204277;725;3758793;;1901;363;71;78;138;538;1350;6380;1962;1815;1828;1528;1286;1107;39;33;48;;0;4;1;;3;8;19;;0;5;13;;0;1;0;;131;12,27;2564;26,72;28,89;7,69;30,23;5,99;2,73;0,1;8,16;1,7;1,1;0,59;0;1,44;16,21;24,95;4,13;16,93
95;250;SCD de l'Université de Haute-Alsace;0680115F;TTC;48,83;158754;38655;0;0;14318;;2365415;70014;55523;456932;10064;63274;4168;90779;102101;71409;110;1782;;;1893;82369;192659;51;49;4609;0;11141;1306;321;17;28828;9729;148533;3077;;158565;;3765;2196;;3607;441;;14000;1342;;14000;;490;798;;;97;948;2064;;100;;;;0;32;20776;2;;;;3629;264;345;;3874;283;;413;85;345;;413;85;;7154;3;0;7154;0;9;68;;;;;;;32;15271;42785;296276;6;18;3616;1581;94;391;;120;3616;1581;94;391;;120;;;;;;;97814;220654;371392;148075;91094;9729;301221;9186;543;123038;115393;1294;17;0;66;1;1;815;5973;724;14;281;250;98;98;6;8;9;;4;4;3;;2;0;1;;3;2;3;;5;1;1;;14;1,33;1850;7,01;11,72;11,25;4,82;0,4;1,6;0;1,3;0,15;0;0,03;0;0,1;5,05;2,96;0,94;1,5
96;251;Service documentaire du Musée du quai Branly - Jacques Chirac;;HTR;32,5;;30000;;;949028;;1300000;;;491203;;460520;27305;;146906;129211;14226;;;;;69913;;;100;72250;58697;;;;;;;231198;5772;26017;249238;;;;;;;;11677;384;25;25063;;;;;;100;540000;;;0;;;;0;5;47000;;;;;1012;4941;5779;93;1023;4972;93;2381;613;;891;2381;613;891;2100;80;;2100;;40399;;;;;;1;;;;;44738;;86;243;323;86;269;395;;556;558;155;291;810;;26;7;;69;;;21518;2610;;7099;;839978;;;;184565;184565;;3;;;;8;15;;94;;34;30;630;540;1;1;5;;;;;;1;;2;;2;;1;;14;2;5;;;;875;11;5,5;1;5;1;;0,5;2;2,5;1;;;;2;0,5;0,5;
97;252;Service documentaire du Muséum national d'Histoire naturelle;;HT;51,9;;900795;1695;14990;8171;;3143809;262413;113941;704694;28736;187697;17582;27865;50576;30818;5300;94173;;;;371428;;15;85;118210;34189;9130;3194;1134;632;;371960;395169;21319;56095;466333;63368;12849;21919;1202;335;62;0;49093;;4835;49093;4835;1890;;;;80;20286;107;;75;;;;0;;12381;;;;;652;462;338;;685;462;;2987;1274;1726;;2994;1295;;338;21;;455;;3500;44;;;;;;;;19802;12381;107811;0;12;2;222;39;224;78;37;2;222;39;224;78;1252;;;;;;;8112;14799;27125;254178;;25159;;;;170599;169557;1090;11;;;;158;90;15;575;18;0;0;740;522;21;11;10;;1;4;5;;;;4;;2;;8;;;1;;;6;3;637;13,9;7;1,8;20;2;0,5;0,5;2;3;1,5;0,5;0,3;0,5;12;4;0,5;
98;257;SCD de l'Université de Nantes;0440121T;TTC;118,9;931668;1231092;30000;0;79332;52982;5831161;629543;0;1651334,8;;312759,46;97772,92;37341,04;402503,35;232081,25;6819,52;38823,65;188899,01;;63959,95;420210,91;256124,89;;;41912,27;0;33800;13837;4560;2535;;;442795;8290;64545;578572;66757;14549;9113;1855;7407;1085;108;19746;128;3112;17700;3702;326;245;319;;89,45;11;7418;0;0;;46;0;0;;7560;26;;;;8645;688;1137;792;13096;728;263;877;29;40;865;948;30;870;18920;402;0;28477;0;0;717;0;0;15;0;4;;58;14957;26065;1705863;30;10;9351;4869;960;850;565;1455;;;;;;;;;;;;;218090;579440;61883;739974;;;0;12996;;131633;1429410;381;366;168;317;275;182;711;5450;881;203;7829;7044;3256;2894;25;27;27;;2;1;4;;4;2;12;;1;2;11;;1;1;4;;60;4,95;2257,25;20,98;19,35;6,76;27,81;3,97;0,95;0;3,75;0,8;0,4;0,08;0;0;14,9;15,29;1,72;2,14
99;260;SCD de l'Université Nice Sophia Antipolis;;HT;85,3;1077244;600171;30000;0;62806,43;7405,84;4053324;529862;49854;965123,95;42465,48;178243,18;14853,09;0;176635,62;106615,1;6260,24;17186,4;0;0;21106,49;337223,59;291971,33;80;20;6125,18;2000;22002;12048;2861;1535;2361476;2693541;316312;678;25278;373670;38864;9893;6366;1600;6551;1574;68;36063;1891;16979;37329;17212;1162;418;398;;83;942;3120;;0,84;1417;40;;0,99;0;0;0;0;0;0;4551;1551;678;135;5528;1579;148;976;227;27;0;993;236;0;7306;37;137;10505;209;770;468;97;1400;10;;0;0;54;44076;18267;1552280;21;61;6482;3719;564;272;257;474;;;;;;799;;;;;;;51180;647921;142042;693605;178584;0;1171643;0;0;306258;317711;303;44;30;47;90;0;478,5;5974;190;642;2090;1810;782;666;13;23;25;;2;0;0;;5;3;7;;5;1;7;;0;0;0;0;36;4,46;2316;26,78;2,58;6,16;16,33;4,33;0,45;0,09;7,17;1,22;0,91;0,53;0,07;0,38;10,52;11,37;3,89;0,28
100;262;SCD de l'Université de Nîmes;;TTC;11,5;89488;225986;0;0;3149;0;579874,53;30574,78;0;264734,8;12699,24;6457,57;0;1255;98456,53;44591,19;3522,42;0;0;0;9831,24;102125,95;1655,4;60;40;4552,07;0;403;194;116;57;97324;47033;69108;212;2726;84644;2924;1704;266;63;1459;131;43;45;;;45;;1;;;;99;0;13;122;4;0;1;1;0;0;0;0;0;0;0;3236;109;202;53;3770;109;53;37;23;0;90;38;23;90;2308;;123;3031;123;0;0;122;0;0;1;0;0;37;34000;14000;145116;6;0;1796;206;31;161;14;270;;;;;;;;;;;;;30789;78996;2573;49593;8207;0;;;;64291;;50;3;0;0;0;5;179,5;2048;39;7;77;74;85;79;4;1;4;;;;;;;1;;;;;;;;;1;;8;1;210,25;4,5;2;0,83;0,4;0,4;0,25;0;0,4;0,4;0,1;0;0;0,2;0,4;0,4;0,6;0
101;263;SCD de l'Université de la Nouvelle-Calédonie;9830606S;TTC;18,4;;;;;268210;1270753;892870;180365;42939;252842;11738;60608;;;88312;24743;3869;10784;50393;55047;;;;77;23;19694;0;2728;644;411;188;1751;;64520;805;3451;93882;5021;1491;391;35;842;17;0;4037;142;143;5559;168;116;20;11;;96;29;82;;0;;;;0;;40;;;;;2031;39;2;132;3617;700;443;350;26;0;3;670;1558;20;1196;0;45;1414;59;;6;;;;;;;39;45351;56632;171915;7;25;1005;194;14;49;35;47;2047;304;42;144;370;;;;;;;;22531;42377;117347;13775;94803;;;;;28353;20801;;287;351;32;3;8;192;652;5;9;45;44;29;19;3;2;4;;1;;;;1;1;;;;1;2;;;;1;;20;2;752;6,7;1,2;1,5;2,4;0,7;0,3;;0,5;0,8;0;0,1;0,1;0;2,3;1;0,8;
102;265;SCD de l'Observatoire de Paris;;HTR;19,9;2000;335000;;;160170;;730000;71849;;332574;;145789;;;22971;;;59436;;;;200767;;5;95;37400;12000;20460;;;;;;46940;5180;4500;70119;5300;;;;;;;11950;1950;92000;11950;79200;360;1074;345;;94;6033;63;;0;5288;;;0;2400;1913;;;;;109;194;;;109;194;;297;200;;;;;;;;;;;621;;;1088;;;1317;;;680;11000;3459;2;120;;;;;;0;37;61;42;155;79;118;;;;;;;;;22631;77407;650;;;;;;;144;15;;65;;50;;;;;30;27;100;95;4;2;2;;3;3;;;0;0;1;;;4;;;;;;;;;640;2,9;1,1;0,1;5,1;1,4;0,8;0,2;0,75;0,2;0,08;0,05;0,05;0,5;2,3;2,12;0,01;2,24
103;267;Service d'IST de l'Office national d'études et de recherches aérospatiales;;;;;;;;;;;;;;;;;;;;;;;;;;;;;;;;;;;;;;;;;;;;;;;;;;;;;;;;;;;;;;;;;;;;;;;;;;;;;;;;;;;;;;;;;;;;;;;;;;;;;;;;;;;;;;;;;;;;;;;;;;;;;;;;;;;;;;;;;;;;;;;;;;;;;;;;;;;;;;;;;;;;;;;;;;;;;;;;;;;;;;;;;;;
104;269;SCD de l'Université d'Orléans;0450744P;TTC;48,6;412000;442000;;;22000;;2328834;219988;10770;861820;;141164;22936;;233993;64323;4022;;;;19015;515584;24883;46;54;;0;13019;6926;2581;738;3753;;266081;3990;49959;383265;50064;9463;4458;164;4345;291;12;12837;0;0;13497;0;386;0;0;;90;;891;;0;;134;;0;;;;;;;6113;201;354;56;8698;300;58;195;22;111;0;250;22;0;3737;21;0;6422;0;0;54;;;17;;;;35;18258;38395;574551;;;4715;1205;110;214;318;1093;;;;;;;;;;;;;90835;439004;752199;404728;3171;;;;;123903;720592;;213;3219;6;;;157;745;252;;1073;989;957;848;6;14;14;;3;1;2;;;2;4;;1;1;7;;;;;;17;0,4;784;10,77;2,11;2,95;14,45;1,37;0,48;;3,51;0,05;;0,05;;0,18;5,03;4,16;2,3;0,79
105;273;SCD de l'Université Paris 1 Panthéon-Sorbonne;0752719Y;TTC;67,3;375607;889000;;;40136;;3156798,62;270765,11;;844425,75;682,45;429382,8;30252;;178970;121569;15992;17396,65;0;0;85268,39;201631,54;157542,72;52;48;66055,45;0;26106;16027;4042;3099;;1936220;127116;1401;18690;166950;43216;3772;1345;580;2268;562;53;4309;0;0;4309;0;140;0;0;;;;3047;;30;;70;;0;1250;2398;2700;;;;3866;190;568;287;6826;218;339;0;0;6;0;0;0;0;3347;43;0;9675;0;;391;;;10;;;;56;88105;21288;;;2;6683;2443;250;123;336;235;;;;;;;;;;;;;4673973;2799116;179806;1000205;14591689;;;;;;496896;;87;10;38;190;;416;2536;1126;;130;83;355;175;15;19;19;;4;3;2;;;1;1;;1;;1;;;;4;;18;3,55;1352;22,5;13;3,2;11;3;1;0,3;4;0,5;0,3;1;;0,5;3,5;2,5;1;
106;274;SCD de l'Université Paris Nanterre (Paris 10);0921510S;TTC;92,7;603623;860326;0;0;49463;104500;4404824,99;141193;;1181503;44999;113064;42599;2905;366884;264426;18671;38078;;;;;435723;50;50;57721;0;29448;7400;2750;1195;;1677988;418943;1171;16004;515819;32994;10366;3689;626;6312;142;130;;;;;;;;;;100;0;1481;0;0;;;;0;49;4673;36493;;;;9686;1915;1171;444;12925;2006;444;95;8;0;0;95;8;0;7731;0;3;9918;3;;192;;;;;741;;49;36493;57002;918728;3;2;8837;5519;615;580;590;487;;;;;;487;;;;;;;545614;1682320;;;1892088;0;0;161214;;288573;1741909;0;252,85;504;125;83;286;307,75;1803;460;8;169;169;647;647;20;24;21;;0;0;0;0;4;8;9;;2;6;11;;0;;;;53;5,6;2645;26;5;11;18;2;1;0;2;3;1;1;0;2;10;9;2;
107;275;SCD de l'Université Paris-Sud;0911688R;HTR;93,12;835577;989365;;;86981;;4906360;226476;;1404539;;295483;12701;4890;261706;112898;1098;;;;58325;161670;776085;36;64;26842;5915;;;;;;;136375;7870;30566;269148;47478;6526;3893;1225;3130;260;55;1239;112;0;1569;0;75;27;0;;96,68;;4709;;0;;;;0;42;30000;15000;;;;3289;305;437;62;6539;474;184;308;2;19;76;358;21;152;5199;398;301;13159;57;;611;;;;;;;42;15000;30000;833558;7;4;3360;4296;266;230;328;221;;;;;;;;;;;14;55;365553;1500088;44014;1166421;;;;;;465245;89193;;81;96;48;14;27;614;4157;348;117;292;73;800;94;26;23;29;;1;1;3;;1;1;6;;2;0;3;;0;0;0;;48;3,7;;20,93;1,55;4,05;6,4;24,61;6,11;0,1;0,2;1,6;0,32;0,87;0,45;0;10,75;11,31;2,01;1,89
108;276;SCD de l'Université Paris-Est Créteil;0941683U;TTC;103,1;635556;949295;0;113333;58369;1074;4748863;561946;28542;1298944;0;181539;42338;4910;550460;127456;9083;28306;0;0;49625;205439;294162;65;35;34413;0;15126;6415;2795;912;;;254004;1302;210403;385390;230089;7856;1421;392;7543;278;34;18888;488;0;19330;0;552;97;0;;91,37;0;2435;11740;66;0;10;5;7;34;16515;1106;;;;12024;407;567;173;21729;501;179;930;74;0;0;1145;89;0;8268;39;11;14225;11;0;260;84;;1;1;0;0;72;62357;138616;1760221;54;29;8990;7978;114;845;;955;19111;9384;593;1207;1247;1203;;;;;;;96440;467715;901766;344075;819961;0;33724;37517;;611768;576894;539;255;5865;;;;745;3157;1414;45;1204;1060;186;175;22;24;31;;1;0;5;;1;1;5;;3;4;10;;0;0;0;;73;7,37;1670;25,85;13;5,9;28,95;2,95;0,5;0;3,75;0,6;0;3,6;0;0,8;8,7;6,5;2;0
109;277;SCD de l'Université Paris 13;0931487L;TTC;57,65;;;15000;;;;;;;789762,98;28453;13438;126519;21851;134372;104442;295;;;;;;547245,98;26,87;73,13;3408;0;3501;2666;801;589;;;;;;219972;5831;;;;;;;;1;0;45765;0;;10;0;;98;;710;;0;;;;0;19;163;15069;;;;;;311;;;;;;;;;;;;;9;;;;;102;;;;;;;19;15069;163;;5;53;4193;1169;133;47;533;280;;;;;;;;;;;;;;;;;444519;;;;;;113544;;0;0;0;0;0;410,5;2271;505;101;114;80;188;138;8;12;15;;0;0;0;;3;2;2;;4;3;5;;;;;;39;4,01;692,5;;;;;;;;;;;;;;;;;
110;278;SCD de l'Université Panthéon-Assas (Paris 2);0754523J;TTC;29,61;90792;697126;;;;27082;1135236;259034;0;614845;0;46068;4391;0;244534;65133;0;;;;41564;226805;24975;85;15;11834;0;0;0;0;0;0;0;34072;412;;67230;;1611;1229;;1079;122;;0;0;;0;;0;0;;;96;0;725;0;0;;;;0;1;346;;;;;2188;4;236;;7943;4;;157;0;10;;191;0;;1497;6;;6526;;0;93;;;;;0;;44;81614;11094;731010;0;12;4632;2682;180;49;89;0;;;;;;;;;;;;;1500775;;;;;;;;;;186271;0;0;;;;;211;4211;433;74;;;;;4;7;8;;0;0;1;;0;1;1;;0;0;5;;0;0;1;;;3,03;665;10;4,4;0,8;5,7;2,35;0,25;0;0,6;0;0,3;0,15;0;0,5;2,5;1,6;0,5;0
111;279;SCD de l'Université Sorbonne Nouvelle - Paris 3;0752734P;;71,35;223928;950307;0;0;3912;27750;3143193,83;526105,57;;1007917;69141;121986;6853;;296552;125997;15195;;;;426835;;47936;;;56296;39106;16585;5706;1621;541;62102;165859;346591;1476;18816;379920;22702;7137;1106;161;;;;243;;;;;7;;;;100;1132;1649;67;35,7;;;;0;80;;;;;;6599;4116;14;311;7583;4234;311;591;;1;;606;;;14409;14;;14409;;123;180;0;;;;0;;176;59478;332484;414962;;17;3233;2572;235;1105;548;471;;;;;;;;;;;;;584534;839508;115699;221668;414068;10579;1301;47906;165859;192322;766865;;4;13;0;0;0;519;2093;902;554;151;96;509;341;10;12;17;;4;3;0;;1;2;4;;6;8;5;;0;2;2;;51;3,09;1450,5;;;;;;;;;;;;;;;;;
113;281;SCD de l'Université Paris Descartes (Paris 5);0752736S;HTR;84,78;335936;1479150;3900;61509;7500;;3647036;521410;;1295249,48;276975;246803,83;103697;2840;344454,13;312746,21;5114,07;0;0;0;60506,32;232479,76;261458,36;26;74;78490,63;0;10553;8050;1906;1376;428967;293226;163551;4987;25673;291787;34637;6421;4230;2098;3488;1503;47;0;0;0;0;0;0;0;0;;97;0;2145;0;0,79;;;;0;0;2407;0;;;;6503;567;715;164;12177;652;182;498;207;217;191;546;208;869;9624;44;1283;20097;2398;0;555;0;;;;0;;59;88325;57111;830468;1;39;6602;3366;637;253;432;467;;;;;;331;0;0;0;0;0;0;387139;871756;333508;1335480;75407;0;0;;0;766840;756988;0;916;20;67;684;0;560;3677;582;94;190;134;282;277;14;15;22;0;5;6;2;0;1;0;1;0;1;2;11;0;1;0;1;0;67;6;2858;27,84;6,29;2,58;25,93;2,3;0,72;0,6;2,06;0,4;0,85;0,2;0;1,16;8,72;4,65;0,48;0
115;283;SCD de l'Université Paris Diderot;0752738U;TTC;96,14;678776;1471015;;18075;27831;15000;4451217;423015;;1136226;106142;61322;15343;164220;324851;145441;8030;11358;;;7126;336431;280163;36;64;22826;;45517;23340;4627;2832;9078;;243533;2525;32445;336790;34064;9913;3436;967;9286;699;214;0;0;;0;0;0;0;0;;99;;369;272273;0;;;;0;6;1414;1240;;;;6665;598;569;89;12028;695;89;221;65;63;0;235;65;0;4544;9;10;10129;10;;;122650;;;;;;57;63819;342808;1295301;5;18;5564;3941;1077;328;1906;1069;3072;1697;300;143;2592;599;0;0;0;0;0;0;0;104896;54432;1061644;;0;11388941;0;;;;;180;2;3;548;178;674;3707;1648;173;600;465;636;571;18;24;23;0;2;1;2;0;2;2;3;0;3;1;1;0;;;;;79;15,64;2428;36,14;2,25;6,2;19,15;4,8;0,5;0;2,8;1,35;0;0,8;0;0,6;15,65;4,9;0,6;0,4
116;284;SCD de l'Université Paris 8 Vincennes – Saint-Denis;0931849E;TTC;93,3;527000;563720;0;0;10000;0;4817701;151474;5000;849070;30153;135759;40375;0;310694;127805;48261;9868;0;0;36245;182740;94785;0,6;0,4;33013;5659;18175;4429;1986;735;6920;1211577;362083;1904;43203;387422;43203;15497;2061;3086;9686;236;120;10772;2380;;11525;450;294;209;114;;98;134452;1230;;80;5482;20;;70;0;4088;0;;;;8648;1316;633;846;10550;1605;846;441;372;13;6;476;387;6;6030;69;;6030;;371;179;;264;20;;0;;44;52364;10159;482446;12;17;5586;4056;527;52;2640;1767;;;;;;1767;;;;;;;288435;878847;179782;505183;69412;1632488;;18018;;161278;547047;;41;20;30;17;68;299;1121;640;120;206;173;596;469;22;15;28;;6;4;;;;4;4;;;4;4;;;;;;13;3,1;1890;34,6;2,05;2,38;27,65;2,25;0,3;0;2,7;0,7;0,7;0,2;0;0,5;8,5;7;2,47;1,3
117;285;SCD de l'Université Paris-Dauphine;0752147B;TTC;40,5;193135;780709;3100;87000;216780;15864;2333583;37340;;1126681;68330;54736;26325;1590;181771;130733;0;112235;;;25395;341217;323481;28;72;11849;;9693;7882;413;641;;;139564;3499;4965;194601;9206;4184;2697;218;1755;72;83;;;;;;;;;;99;2728;556;0;5;;;;0;11;163258;33838;;;;2675;1073;642;;4118;1182;;129;190;157;;161;200;;757;53;;854;;2728;83;0;;;;1503;;56;58888;401303;533598;1;3;2143;3741;207;313;187;137;;;;;;1052;;;;;;;148070;422178;224915;396839;203162;;0;;;1161474;648250;43;28;;;;969;264;1389;1021;130;125;116;720;642;7;11;13;;2;3;1;;1;1;3;;;;;;;;;;10;1,75;1282;7,7;4,6;2,5;3,7;5,8;2,4;0,1;1,5;0;0,4;1,7;0;0;6;3,5;0,6;0
118;287;SCD de l'Université de Pau et des Pays de l'Adour;0641439S;;55,8;;;;;;;;;;;;;;;;;;;;;;;;;;;;11390;2775;3736;980;80293;96768;280900;2146;18890;324024;18890;9587;2807;394;6398;487;;77;18;;91;;3;11;;;89,6;;808;;100;;;;0;1;;;;;;4144;312;477;;4689;319;;;;;;;;;;;;10485;;;71;;;;;;;;25987;20864;349194;2;15;3584;2164;622;799;316;417;;;;;;;;;;;;;;502473;61238;301921;87722;;;;;169343;336676;504;146;49;17;158;41;340;1310;241;70;1056;879;261;244;12;9;12;;3;4;10;;;2;2;;;1;2;;;;1;;39;3;1121;14,5;1;3;17,9;;4,3;;1,7;1,1;;;;;5;6,2;1,1;
119;288;SCD de l'Université de Perpignan - Via Domitia;0660080D;TTC;38,8;;415440;;;14500;;1648123;137851;9350;284068;19753;74913;30017;;85369;35569;2786;;;;8721;146627;;81;19;4996;0;3559;1752;804;472;;;142038;1928;10043;170234;12206;3401;2164;431;1864;208;112;8158;158;118;9988;223;223;48;18;;97;43;215;0;0;64;;;0;0;0;0;;;;2502;112;207;49;2786;118;49;374;50;13;55;397;50;55;4581;15;2159;4581;2159;43;72;;64;;;0;;19;0;0;385366;10;27;2355;984;145;194;125;170;;;;;;176;;;;;;;;525218;177347;;;5022;;;;225686;108667;;4;;;;16;182;1362;110;33;755;681;825;635;5;13;13;;;;1;;;1;3;;;;2;;;1;1;;7;1;583;15,4;1,2;0,7;8,8;1,2;0,7;0;0,7;0,8;0,1;0,2;0,2;0,4;3,6;4,7;0,1;0
120;289;SCD de l'Université de Poitiers;0860701V;TTC;93,22;;1518896;92964;;20000;;4104673,22;346555;;1145130;70413;76439;82792,33;54873,13;334935;299120;9266;78643;;17608;44588;179104;166771;45,49;54,51;15095;;13028;3722;1285;606;1439;;604018;9436;260885;718944;281076;20810;9192;2421;5804;872;196;63709;1660;13949;78598;15371;1920;79;412;;94,18;918;2618;0;71,2;50;20;0;93,8;29;7320;4294;;;;7917;749;1098;218;10393;861;220;1350;155;231;407;1399;164;428;10527;542;19;13572;20;153;522;;2;4;;0;0;50;99187;503562;1117815;28;67;5709;4126;687;;915;726;;;;;;;;;;;;;107929;460907;322780;299621;321306;135270;;112124;;210747;386795;381;162;132;101;255;72;283,25;4343;488;46;2098;1948;2442;1852;16;21;18;;3;8;8;;5;1;7;;0;3;5;;0;1;2;;57;5,41;1824;30,68;3,31;3,57;29,62;4,56;0,78;0,09;1,01;1,54;0,55;0,39;0;0,05;10,61;6,98;0,98;0
121;293;SCD de l'Université de la Polynésie française;9840390B;HT;13;61434;333082;0;300;5470;18489;848355;175477;0;262474;8760;65291;16452;1243;110935;25828;4745;930;;;17867;27119;75050;68;32;0;0;634;328;421;268;72860;41660;72244;148;2709;91280;3081;2282;306;54;1647;200;40;318;30;7;318;7;12;10;1;;100;502;15;0;88;;;;0;3;999;1141;;;;3081;168;148;156;4127;191;159;286;92;0;0;286;92;0;;1;;4924;;0;0;0;;;;0;;41;25665;42815;202520;6;5;1815;534;24;145;;429;;;;;;671;0;;;;;;;;48776;13596;157489;24563;0;0;312;0;120303;597;10;;;;102;104;1364;12;4;125;119;15;2;2;1;3;;;4;;;;;;;;1;;;;;2;;9;2;466;2,5;1,3;1;3,2;0,8;0,1;;0,3;0,6;0,1;0,1;;0,3;1,5;1;0,2;
122;297;Service documentaire de la ComUe Université de recherche Paris-Sciences-et-Lettres;;;;;;;;;;;;;;;;;;;;;;;;;;;;;;;;;;;;;;;;;;;;;;;;;;;;;;;;;;;;;;;;;;;;;;;;;;;;;;;;;;;;;;;;;;;;;;;;;;;;;;;;;;;;;;;;;;;;;;;;;;;;;;;;;;;;;;;;;;;;;;;;;;;;;;;;;;;;;;;;;;;;;;;;;;;;;;;;;;;;;;;;;;;
123;298;Service documentaire de la ComUE Université Paris-Est;;;;;;;;;;;;;;;;;;;;;;;;;;;;;;;;;;;;;;;;;;;;;;;;;;;;;;;;;;;;;;;;;;;;;;;;;;;;;;;;;;;;;;;;;;;;;;;;;;;;;;;;;;;;;;;;;;;;;;;;;;;;;;;;;;;;;;;;;;;;;;;;;;;;;;;;;;;;;;;;;;;;;;;;;;;;;;;;;;;;;;;;;;;
124;299;SCD de l'Université de Reims Champagne-Ardenne;0511121S;TTC;79,14;454841;942080;0;0;13979;21229;3336765,45;368256,86;0;1332537;36678;168490;54302;21229;435240;161085;12549;;;;70778;306120;343487;47,97;52,03;3278;0;3038;1146;680;136;2551;80;259396;4070;34498;467376;42243;14532;4090;1016;9817;1970;719;6018;10;0;6419;0;261;1;0;;99;66;1016;3225;100;1;10;12;23;1;15;2983;;;;12072;226;483;265;17664;241;265;1410;142;55;721;1973;143;1037;8664;31;88;11713;89;0;102;298;0;1;;0;0;44;89365;643827;1014423;21;41;4469;2844;438;511;294;349;;;;;;496;;;;;;;274243;1228990;1004579;262788;1239930;;63390;;;189506;772556;1288;531,75;79;48;483;121;1256,25;8678;771;438;1619;1507;1224;1125;15;16;22;;0;5;0;;1;0;5;;0;3;11;;0;0;0;;14;3,48;1215;13,77;13,08;5,45;31,78;0,65;0,79;0;0,69;0,7;0,24;0;0,32;0,08;2,29;7,32;1,99;0
125;302;SCD de l'Université de Rennes 1;0352288X;HTR;69,84;770611;838652,16;;;29722,05;334120,66;3599444,9;275447,16;;1469892,67;;294797;31588;;295504;109591;8473;9552,88;;950;71279,87;628850,05;342595,87;41,44;58,56;3096;;54448;20693;4563;3105;16677;2534833;310784;8755;153856;443246;264768;14533;13985;2013;4805;1500;22;31545;977;683;44447;683;3729;567;100;;98,1;150;2624;290;93,94;496;33;3;6,49;;12622;;;;;5478;138;334;175;10099;146;175;341;16;41;6;342;16;6;7897;42;;10581;;;589;6;;5;;;;105;74347;106669;1281383;19;36;2552;2249;382;;676;688;4572;4590;2000;;1487;2287;;;;;;;291981;957531;421891;1254160;1151487;;;;;1501868;295956;1502;69;186;290;77;19;770;4242;3016;1271;1371;1271;1677;1489;14;15;17;;5;1;2;;1;1;7;;1;2;3;;;;2;;49;2,34;1623;15,18;1,51;4,38;17,65;4,12;1,56;0,1;2,53;1,87;0,55;0,05;;;5,98;11,28;1,48;1,07
126;303;SCD de l'Université de Rennes 2;0352303N;TTC;73,95;443802;762945;0;0;7811;1900;3661134;611407;0;877427;0;297394;150447;0;268927;123348;42196;16812;88;0;20580;370960;9241;44;56;25275;0;20453;6526;4170;1220;5806;83;494566;4361;29634;678414;57207;16960;3970;1589;9787;1992;1531;36100;113;269;49342;327;2322;925;8;;95;316;878;0;90;;;;0;10;1630;3503;;;;9017;1355;713;1040;10534;1415;1042;927;930;43;24;940;944;25;9100;73;601;12064;682;0;124;0;;7;;166;;67;54787;66700;911695;12;36;5929;4293;339;;1243;1183;;;;;;;;;;;;;;;98431;301287;1244;12596;0;;;282945;1031752;909;60,5;20;104;;51;1133,5;53949;1158;109;2262;2005;1964;1825;16;12;18;;3;5;6;;2;0;4;;0;5;5;;0;1;2;;37;4,48;1563;18,39;2,4;1,58;23,68;1,91;0,41;0,05;2,15;1,45;0,78;0,37;0,01;0,05;5,75;7,98;2,35;4,64
127;304;SCD de l'Institut national des sciences appliquées de Rennes;;TTC;5,95;;148645;;;79,2;;256948,65;28359,91;3679,03;105361,11;;38223,64;;;11313,71;2472,7;3568,62;2,62;;;3620,4;84383,06;;39;61;;;;;;;;;18771;;294;22217;;468;135;22;264;4;9;;;;;;;;;;;;1618;;0;;;;0;;296;;;;;;;37;;533;33;;;;;;;;;;5;;2818;;;22;;;;;;;14;;;;1;19;191;132;28;;85;71;;;;;;;;;;;;;;;;53779;;;;;;9675;5582;;;;;;;92;750;80;18;;23;20;15;;;;1;;2;;;;;;2;;1;;;;;;;4;;297;1;0,5;0,7;1;0,3;0,3;;0,1;0,6;0,2;0,1;;;0,4;0,4;0,2;
128;306;SCD de l'Université de Rouen Normandie;0761652H;;79,14;;1510000;;;38247;272020;3523645,65;465919,3;;1378354,02;;370073,96;212493;;356734,02;170112;8404;9516;;;71112;585218;177258;40;60;;;9820;5273;3920;1418;2270594;1368543;407109;4493;52996;572143;59872;18020;5960;1120;8510;738;198;17731;129;;12269;;594;;;;95;;2232;;95;;;;0;;1188;2266;;;;8942;67;575;191;11520;72;191;731;45;22;398;756;45;398;9267;28;304;12984;310;;2232;;;;;23;;47;16621;50947;819743;43;5;7561;4392;566;657;196;656;7561;4392;566;657;196;656;;;;;;;105566;506438;290650;503955;245242;;;995949;1368548;93166;455306;;211;256;113;93;63;103;149;251;;1486;1436;1037;1015;13;18;23;;;;;;4;1;5;;1;3;8;;;;2;;31;7,64;1156;23,25;9,2;6,15;18,17;1,5;1,7;;0,75;1;1,1;1,7;;;5;5;1,2;3,42
129;307;SCD de l'Institut national des sciences appliquées de Rouen;;TTC;6,5;;275132;;;;;323768;11413;;234580;;;10000;3323;16300;15375;955;4090;;;;197155;;25;75;705;;4250;1451;1258;265;644067;295461;16606;441;1622;19924;1622;540;750;25;376;37;10;4820;20;;4820;;154;50;;;90;404;;;80;;;;0;;230;;;;;510;50;;;595;50;;;;;;;;;;;;;;;25;;;;;;;21;35000;230;100820;;2;320;280;12;47;57;2;;;;;;;;;;;;;;;1003;177525;;;;;;26000;23874;;6;60;18;;;30;292;;;35;35;11;11;1;2;1;;1;;1;;;;;;;;1;;;;;;;;126;2;0,25;0,5;0,75;0,5;0,25;0,25;0,5;0,5;;0,25;;0,25;0,25;0,25;;
130;309;Bibliothèque Sainte-Geneviève;0752706J;TTC;107,58;487404,27;2451980;0;69419,77;38832,71;19971,25;4513397,1;672458,68;99981,72;1269139,59;620659,61;326316,4;146222,28;75800,39;605563,91;288235,12;31552,46;10153,11;3578,56;16097,82;9809,02;49356,79;52881,77;62,16;37,84;151861,32;50049,71;0;0;0;0;0;0;1628542;20805;15355;;;35700;12289;867;948;21;0;193194;1022;6853;;;5353;838;253;;98,1;5696;0;0;100;8191;0;0;100;40;112;154;;;;10522;4809;2139;124;;;;123;491;104;82;;;;3588;106;0;3588;0;1119;0;0;900;0;0;0;0;23;82314;287996;322461;14;15;2580;2376;1098;893;2132;;18333;8695;2633;2195;13276;;;;;;;;87055;45520;19233;130149;3682;329913;0;0;0;88449;477471;172;24,5;25;35;0;1;0;;;;94;89;1507;1088;24;12;37;0;1;0;0;0;3;1;6;0;5;9;11;0;0;1;0;0;22;5,57;1142,4;10,73;34,74;0,56;30,86;3,03;0;0;1;1,54;1,19;0,05;0;0;9,86;13,06;0,96;0
131;310;Bibliothèque interuniversitaire Sainte-Barbe;0755041X;TTC;56,1;86166;1512644;0;0;64688;483073;1588685;682316;51243;516785;335141;653604;175129;0;289611;42797;0;7210;;;27127;8932;72733;100;;68375;0;0;0;0;0;0;0;113219;307;0;146539;0;4310;153;0;4310;153;0;0;0;0;0;0;0;0;0;;100;0;0;0;0;0;0;0;0;0;37440;0;0;0;0;7837;359;305;0;11962;375;0;7;0;2;0;7;0;0;10649;4;0;13262;0;0;0;41;0;0;0;0;0;87;14304;14032;739964;1;5;4790;4019;0;24;121;0;20249;13285;0;173;409;0;;;;;;;;10350;1092;4522;;0;880;0;0;157731;293828;0;124;160;139;4;1;0;0;0;0;0;0;0;0;9;14;2;0;0;0;0;0;2;0;0;0;5;9;4;0;0;2;0;0;25;11;2320;23,46;0;0,93;15,38;0,9;0;0;1,52;0,2;0;0;0;0;5,67;6,17;1,87;0
132;311;SCD de l'Université Jean Monnet;0421523C;TTC;57,38;332216;655000;30500;300;4830;30677;2979126;286267;;602051;22303;23360;120000;;202921;74606,94;16245;;;;27741,38;133484,68;137254;63;37;9798;0;30093;7895;4967;1338;;231939;265590;1888;257720;304298;262092;5976;2037;479;3852;240;225;1287;15;350;1635;350;64;18;18;;81,38;;483;;25;;;;0;;;;;;;6592;364;466;189;8371;378;189;171;84;41;20;185;85;20;12027;22;359;15862;383;;108;;;;;;;35;23307;38589;1019314;26;37;4400;1737;176;277;328;762;;;;;;;;;;;;;;133610;;187375;;;;;;41461;191646;;33;277;124;;24;624;3481;432;41;942;862;506;460;11;14;17;;3;1;1;;1;2;2;;0;1;3;;0;2;1;;55;7,14;1188;19,61;1,94;1,48;16,61;0,9;0;0;3,48;2,04;0,12;0,12;0;0;8,77;3,74;2,56;0,77
133;314;Bibliothèque interuniversitaire Sorbonne;0752705H;TTC;104,31;603006;2662511;;;733392;;6710883;904440;;2253653;;967941;106744;136919;876544,98;570519;83264;87199;47500;53012;15262;181215;78895,02;;100;260242;0;;;;;;;1064642;18211;107647;;;29731;8568;2931;1186;99;0;102995;290;75404;;;;;;;79,41;3105;;;0;2824;;;0;53;65691;11306;;;;6387;10354;3079;1531;6865;10560;1587;843;251;175;;886;280;;29;;;41;;307;;;290;;;;;128;44087;89687;230514;8;67;;;;;;;5740;10317;3081;3224;249;267;;;;;;;82288;1328616;188896;688728;45213;4301;;;;;;;34;13;15;61;1;128;0;1244;23;712;653;4124;3695;32;32;39;;;;;;1;5;14;;6;7;12;;;1;1;;20;4;2104;31;3,8;1,2;37,21;3;;;2,5;0,2;5;0,1;;;12;7,5;0,8;
134;315;SCD de l'Université de Strasbourg;0673029D;HTR;156;1143374,62;2184861,62;;;37769,68;496731,23;7086972;862307;66849,27;3070552;89482,86;168116,91;112276,96;422308,7;493403,43;392307,62;11850,99;75861,87;;;62628,24;1460808,67;561954,45;33;67;11736,73;;23779;3091;2860;1557;;;922330;18810;264293;1075183;293606;28234;16224;3257;13937;3083;218;138724;706;99171;163645;107240;4349;;1625;;83;21637;7152;;0;2890;89;;0;39;14626;3122;;;;12496;1703;1676;274;15729;1770;274;6018;;381;464;6224;;464;32513;182;;42212;;13277;888;;247;9;;44;;98;64712;82762;1819513;54;49;7173;8367;1242;981;428;513;;;;;;;;;;;;;618913;1671615;2358328;1562885;446591;78174;;284485;;998027;1376091;1038;304;301;361;246;97;1308;7718;3410;82;1649;1509;3110;2709;29;29;41;;8;7;13;;2;2;3;;2;1;19;;2;1;1;;79;9;2323;45,23;10,8;11,22;44,89;9,25;1,11;0,01;2;2,61;0,73;1,45;0,05;0,62;20,6;10,65;3,72;0,22
135;319;Bibliothèque nationale et universitaire de Strasbourg (SD);;TTC;162,03;181358;2249817;10000;300;232521;202664;6302637;1262307;151554;1450517;924767;1360618;80259;0;515537;322586;206264;18454;186;1443;21660;84444;42020;18,37;81,63;170240;67683;;;;;;;1872080;45587;353420;1872080;353420;43651;27320;2310;3823;128;0;1100000;;294904;1100000;294904;;;1917;;86,56;136612;;;98;52927;;;0;24;573;614;;;;8599;6176;1642;22;8599;6176;22;3632;2670;3165;30;3632;2670;30;0;107;0;0;0;6236;;;5665;;;0;0;69;19363;3358;717671;5;236;3292;2522;545;360;205;3950;;;;;;;;;;;;;35234;54373;13884;269792;0;628733;;;;334410;;9595;58;373;0;25;183;112;72;710;51;2234;1966;9947;8399;28;22;23;0;2;6;1;0;7;9;14;0;5;16;21;0;0;0;2;0;42;7;1660;46,37;5;2,61;47,94;5,21;0,21;0;7,29;5,73;3,02;1,04;1,04;2,29;7,69;24,23;2,34;0
136;320;SCD de l'Institut national des sciences appliquées de Strasbourg;;HTR;3,43;51306;115000;;;312;;118521;49119;;98966,16;28593;3000,94;2636;1638;19939,93;22115,51;0;0;0;0;10242,69;22285;22322,3;56,67;43,33;2061;0;1957;1479;163;151;;;14554;734;244;15665;258;392;374;6;378;212;6;116;7;34;120;34;3;10;1;;93;0;3436;;0;;;;0;5;199;18994;;;;553;28;119;;588;30;;22;4;9;;23;4;;498;17;;498;;0;;;;;;;;48;26997;14313;56307;0;1;511;436;36;67;25;41;;;;;;;;;;;;;2949;13510;8936;6858;0;0;0;0;;;;381;7;217;;;;15,5;63;0;0;8;8;8;8;;;;;1;1;;;;;;;;;1;;;;;;4;0,63;69;1;0;0;0,55;0,1;0,1;0;0,1;0;0,2;0,05;0;0;0,2;0,2;0,2;0,1
137;325;SCD de l'Université de Toulon;0830989Z;TTC;34,58;;480000;27970;;3561;19030;1704243;82128;;424454;42449;45620;;3768;136337;63918;5663;1080;;;;143569;67523;83,61;16,39;6364;;12009;4366;3563;1232;5610;213440;105175;1393;3077;138594;4297;;;;;;;;;;;;;;;;96,26;4130;657;;11,36;50;;;0;72;25;280249;;;;4222;198;366;68;4859;199;73;49;56;6;0;77;56;0;2609;213;0;3136;0;55;100;;;;;;;112;230981;;450787;16;20;2525;1008;120;255;235;134;;;;;;;;;;;;;48723;188526;16446;68386;112518;780704;;372316;340471;169667;143863;;26;120;;32;;556;2242;207;;1244;1057;113;100;7;7;10;;1;;2;;;;1;;;1;1;;;;1;;38;3,14;646,5;13,29;3,14;1,75;6,75;0,52;0,39;0;0,41;0,25;0,1;0,23;0;0,1;3,57;0,59;0,2;0,15
138;326;SCD de l'Université Toulouse-I-Capitole;0312480C;HTR;85,24;403622;1095890;;8100;29579;37;3851187;464900;;1093888;5878;177974;;;377417;326173;3870;24578;;;;41527;276228;54,17;45,83;44095;;15466;3623;948;647;218265;86656;296923;7912;45194;397344;46724;9200;6843;1289;5510;1713;547;27505;200;;46752;;1800;;;;99;;675;;0;;;;0;38;295385;57310;;;;4772;970;806;122;9828;1057;123;126;24;17;;130;26;;3836;30;19;8681;19;;77;;;;;;;37;132632;305681;1060804;10;41;4938;4278;591;249;569;2559;;;;;;;;;;;;;99530;1209495;728223;230906;5728333;;;;;1383466;260432;956;1264;4189;101;70;13;1418;3528;148;230;506;327;910;677;14;17;19;;3;6;1;;7;;5;;;1;6;;;;;;65;8;3390;24,32;2,55;5,57;20,28;1,56;1,44;0,11;2,52;0,26;0,66;1,5;1,53;0;11,52;7,5;2,12;1,79
139;327;SCD de l'Université Toulouse - Jean Jaurès;0312477Z;TTC;98,65;529985;437531;;;3838;41134;4785434;332446;;750726;;217175;0;44587;271581;156482;37119;;;;18432;244244;3300;;;20233;;13206;11718;2932;2043;;;578556;6873;62777;695943;85486;16633;4815;383;9707;1622;377;899;;;915;;180;;;;91;0;5005;0;26;0;151;0;;36;1921;23;;;;8608;1313;1193;774;10492;1370;911;1010;7;126;1;1408;7;1;6769;166;122;7637;129;0;1674;0;;24;;0;;91;20173;8698;487571;74;43;8298;6654;1172;919;417;1186;;;;;;1297;;;;;;;116637;301625;78641;468822;0;;;87988;;203841;868996;1384;260;327;392;19;114;981;2260;636;147;2403;2195;2641;1938;13;21;14;;8;11;15;;6;1;;;;1;2;;;;1;;121;10,8;2987;28;17,55;6,95;21,8;2,55;0,6;0;1,5;2,2;1;1,15;0;0,6;8,7;5;0,75;0
140;328;SCD de l'Université Toulouse-III-Paul-Sabatier;0312461G;HTR;71,75;773048;1389599;0;0;183555;0;3336703;262297;179021;1419256;386993;282030;29868;0;258064;68372;2850;0;694;0;58642;740844;279805;29;71;9985;0;25126;19050;5774;3888;;;144975;10265;38182;191182;53348;5669;9181;2082;3435;1012;21;1800;1386;2;8800;2;321;;0;;99,5;0;6091;0;85;0;91;0;79,9;4;619;3;;;;5161;205;257;78;8293;220;92;394;2;15;0;468;2;0;;15;16;5352;16;0;879;0;0;13;0;0;0;40;18948;451481;1154044;14;46;6843;2330;689;324;750;412;;;;;;412;;;;;;;56657;121512;1113656;1157835;99570;0;0;346884;;153509;399744;744;279;0;19;171;9;723;6424;532;431;1341;1166;377;351;15;16;20;0;2;7;3;0;1;3;2;0;0;1;5;0;0;0;0;0;41;5,25;2709;18;2,55;5,01;19,15;2,25;0,1;0;2,7;0,36;0,23;0,37;0;1,6;9,73;7,9;0,92;0,88
141;329;SCD de l'Institut national polytechnique de Toulouse;0312481D;TTC;16,54;76738;370458;;;346720,74;819015,74;718985,91;199621,72;;604466,12;;36360,41;;805925,74;62601,53;20829,41;12950,04;4011,34;;;58397,22;379583,64;63532,23;25;75;2560,71;;109;12403;16;1659;;1236552;39375;1263;8848;48342;13462;1224;1288;239;853;101;50;;;;;;;;;;93,2;;3445;;94;;;;0;;63;;;;;1633;150;161;238;1819;153;238;1;23;2;0;1;23;0;1302;9;9;1309;9;;195;;;;;;;33;8783;30838;293898;;;916;1484;147;120;219;47;;;;;;;;;;;;;;;43180;311492;52225;;;750278;394538;;;387;27;;152;20;;198;543;658;;131;127;193;182;3;4;;1;1;1;;;1;1;;;1;8;;;;;;;25;1,53;1406;5;0,07;1,1;3;2;2;0,04;0,7;0,03;1;0,06;;;1,5;1,6;0,04;
142;330;SCD de l'Institut national des sciences appliquées de Toulouse;;TTC;9,9;62900;35004;;;73500;;421910;73524;;131039;1152;18873;1680;4810;25646;7492;;2446;;;6934;45295;41396;54;46;1830;0;7428;7944;431;85;1787;100925;16368;132;1650;21043;3340;840;84;;473;8;;;;;;;;;;;100;0;627;0;0;;;;0;;26;;;;;501;79;69;;699;175;;4;2;5;;4;2;;620;4;;620;;;30;;;;;0;;23;15152;644;102372;1;7;1340;638;33;57;120;166;;;;;36;;;;;;;;4865;11865;14180;116759;9947;;;;;19507;14812;355;;;;;;109;442;490;0;35;32;36;32;0;3;1;;2;1;;;;1;;;1;1;;;;;;;15;0,5;582;2,5;0,2;1;2;0,5;1;0;0,5;0,3;0;0;0;0,1;1;0,3;0,5;
143;332;Service Interétablissements de coopération documentaire de Toulouse;0312479B;TTC;27,8;213500;;;;43041;987745;1300000;128555;;70422;7355;184317;1372;714420;583;499;0;;;;;22652;44135;29;71;2553;0;;;;;;;1381;15;0;2145;0;79;16;0;47;;0;0;0;0;0;0;0;0;0;;100;9803;0;0;98;117;0;;95;;1496;;;;;14;4;7;;14;4;;1;0;4;;1;0;;0;0;;0;;190;;;5;;;;;3;9555;42379;;2;7;;;;;;;;;;;;;;;;;;;0;151802;27687;62838;500229;;;;;44622;1614796;25;0;0;0;0;0;3;0;6;0;0;0;0;0;;;;;;;;;;;;;;;;;;;;;;;;0,16;0,15;3,31;3,56;4,85;0;0;5,5;0,14;2,1;0,76;0;0;3,15;1,8;;2,32
144;333;SCD de l'Université de Tours;0370853B;HTR;86,5;529822;1094507;;;8655;16696;4107374;241814;;1234525;82805;118286;119475;;269507;162762;19686;630000;29827;;;102742;;30;70;20001;;15540;3875;1816;555;;;403574;4505;35891;513334;63704;12923;4386;2670;5719;1309;54;17046;137;696;21080;7972;652;67;54;;93;298;4952;;0;;;;0;54;5862;2352;;;;7147;816;930;415;9017;925;428;786;142;0;0;803;142;0;4010;38;0;15077;0;;481;;;;;;;110;77620;120877;977824;26;23;8191;3144;437;738;483;747;;;;;;;;;;;;;166010;607109;1523373;826941;179610;;;45624;;;421409;136;220;412;51;87;105;773;8218;757;41;1302;1168;1735;1581;15;18;31;;4;2;3;;1;0;5;;0;3;2;;0;4;2;;40;3,4;1496,5;15,6;21;11,2;15;6,7;2;0;1,5;1;0,5;0,5;0;0;7;4;0,5;
145;334;SCD de l'Université de Technologie de Troyes;0101082X;TTC;12,8;;446750;;;;2232,1;570406,44;56528,44;;358467,93;36,97;47196,79;4611,54;1450;28089,9;42208,27;430,9;4624,58;;;14404,99;178692,53;87913,06;28,8;71,2;2103,7;;7176;280;469;20;;;30313;283;1246;39465;1392;717;216;11;374;24;3;0;0;0;0;0;0;0;0;;99,4;0;137;0;98,54;;;;0;1;19927;21044;;;;645;177;143;15;966;194;21;23;7;8;5;23;7;8;678;41;22;968;32;0;1;0;;;;;;27;83951;83811;252830;2;6;348;875;46;55;100;7;;;;;;11;;;;;;;;;81961;123555;29166;;;;;35150;29503;0;75;256;691;0;157;60;428;230;0;69;66;38;35;1;6;2;;1;1;;;;;1;;1;;;;;;;;13;0,6;324;3,6;0,4;1,4;3,5;1;0,07;0;0,08;0,4;0,01;0,03;0;0;0,9;1,02;0,3;0,09
146;339;SCD de l'Université polytechnique des Hauts-de-France;0595346R;TTC;42,34;180013;451607;47560,04;200;16723;0;1814868,73;175132,44;40022,9;433002,31;77558,49;70720,75;34500;25991,58;115197,44;69541,41;9475,65;2043,97;2388;0;12735,07;163326,95;50805,4;67,93;32,07;7488,42;0;10062;1769;377;329;5309;294751;140418;1530;4731;178364;6072;3567;1753;107;2989;112;84;1804;9;1;1880;1;70;17;0;;97,63;463;451;194;62,23;8;;0;;3;7278;2153;;;;3220;81;371;186;4409;111;186;272;29;19;0;297;32;0;2047;31;1;2820;1;197;64;194;4;;0;0;0;33;36685;43335;415242;103;366;2846;1849;110;253;623;65;3382;1924;112;259;643;65;0;0;0;0;;0;97738;152991;34995;144718;71125;;;884;292867;;135035;381;8;0;0;0;13;442;2893;405;57;1088;1024;372;312;7;10;17;;1;0;0;;0;1;1;;1;2;1;;0;0;0;;47;2,41;753;9,25;1,2;2,75;9,3;1,55;0,9;0,35;0,95;1,4;0,15;0,65;0;0,1;3,7;5,6;1,15;0
147;341;SCD de l'Université de Versailles-Saint-Quentin-en-Yvelines;0783398V;TTC;53,18;;929037;2000;;7701;50000;2004882;487745;;862373;23489;92730;10146;0;249507;104865;;93658;;;34736;361066;;60;40;18541;0;11717;6080;1475;738;1392;882555;159748;352;190102;227581;191194;5052;2381;128;4198;918;11;0;0;0;;;;;;;98;0;510;;66;;;;0;37;11908;38780;;;;5991;103;352;;9630;133;;491;41;0;0;531;41;;4050;111;36;7155;64;0;101;0;;;;510;;37;38780;11908;742588;13;18;3687;2734;141;203;185;286;12124;5678;1073;533;185;286;;;;;;;;;75754;575058;;0;0;74;759;198747;283908;0;;;;;;274;3253;574;104;107;61;223;164;11;9;12;0;1;2;2;0;1;0;0;0;1;4;9;0;0;0;1;0;35;3,88;1272;18,5;0,8;1,5;12,4;0,6;0,6;1,2;0,7;1,2;1,6;0,3;0;1,6;3,9;3,6;1,8;2,88
148;342;SCD de l'Université de Guyane;9730482L;HT;12,3;58582;223118;;;4619;6330;691017;54600;23855;181899;15823;19917;1633;20271;81307;10508;;;;;25696;54351;10037;72;28;;;629;407;299;129;120668;52206;49203;79;925;78016;1175;1500;120;8;1192;11;7;3;;;3;;;;;;100;;29;0;100;;;;0;5;6094;0;;;;1566;30;79;;3858;51;;46;0;;;92;0;;800;;;1759;;0;15;0;;;;;;27;46695;254847;120000;;;;;;;;;;;;;;;;;;;;;193;11872;105953;28305;825;;;;;15515;;;4;100;;;;201;830;473;22;37;36;30;30;4;1;4;;;1;;;;;;;;1;;;;;;;3;0,56;236;4;0,05;1;3;0,45;0,1;;0,1;0;;;;;1,8;1,7;0,1;
149;343;Grand équipement documentaire du Campus Condorcet;;HT;11,6;;89812;;;;50000;;;;29658;;59812;40000;;19871;;;9787;;;;;;;;;;;;;;;;100873;;;;;;;;;;;;;;;;;;;;60;;;;;;;;;;;;;;;;373;;;;;;;;;;;;;;;;;;;;;;;;118;;;;;;;;;;;;;;;;;;;;;;;;;;;;;;;;;;;;;;;;;;;;;;;;;;;7;;;;3;1;;;;;;;;;;;2;;;;;;;;;;;;;;;;;;;;;;;
150;344;SCD de la Communauté d'universités et établissements Lille-Nord-de-France;;TTC;18,5;;;;;;;;;;284888;;;;;177519;34189;11969;1150;;;19451;5710;11321;90;10;23579;0;611;611;62;62;61020;639468;112842;932;4418;230751;6546;2794;396;64;1451;105;63;5019;105;10;5332;0;1108;19;2;;99,89;0;611;6;100;;;;0;4;420;118;;;;6115;59;6;240;9861;74;342;212;15;0;1;680;50;1;2962;12;65;4787;65;0;62;6;;;;420;;11;2;420;;21;20;;2513;;106;52;203;;3004;;136;66;278;;;;;;;7218;6949;5993;19925;17183;;;708005;;;;381;82;;693;;;28;;202;;87;78;108;96;2;7;2;;;;2;;1;;2;12;1;1;4;;;;;;12;2;271;8,5;1,3;0,9;2,2;0,2;0,1;0,2;1,5;0,8;0,2;;;;2,1;0,2;0,3;0,1
151;345;SICD de l'Université Grenoble Alpes et INPG;0383505D;HTR;142,95;1179211;1393164;75004;0;376903;2325830;7405016;482082;8599;1992315;664196;306988;363211;1509786;361576;269721;4968;123;0;0;49739;863508;377162;18;82;537;0;111676;43705;14889;5422;;;572549;15829;115909;800502;165295;24334;17161;2814;11607;2795;114;41168;0;15679;65771;16174;597;0;539;;86;9587;2682;0;100;244;14;0;100;6;1629;45613;;;;9588;558;1482;253;13537;612;351;5415;174;151;40;8836;234;47;18584;135;350;26369;370;378;466;0;8;2;0;0;0;74;114306;39944;1438518;21;17;;;;;;;11866;7283;1029;1239;957;15661;;;;;;;179251;740780;122149;739703;0;3917;;;;765043;333690;35;190;84;102;98;626;952;8453;1266;477;2104;1792;4086;3739;26;40;44;;3;3;4;;3;1;13;;2;1;11;;0;1;0;;71;4,93;3519;;;;;;;;;;;;;;;;;
152;346;SCD de l'Université des Antilles;9720434P;TTC;54,3;220234;536000;5000;60480;167938;;3567517;314151;;682954;89743;212232;23736;57498;235153;35227;3716;4245;256;0;56881;225444;11146;70;30;36980;73906;5956;3216;1526;1029;;;195070;914;8002;277365;9916;6427;1373;250;5239;372;142;;;;;;;;2;;88;20672;465;187;100;16500;;;0;16;53288;;;;;5854;494;141;49;9202;683;98;720;8;3;5;1191;9;8;8830;61;947;12065;1002;;86;192;;;;;;83;73286;98553;351291;6;47;3383;1650;106;297;978;839;;;;;;;;;;;;;;;178418;167445;10921;599121;;92214;;174118;236414;;150;101;402;90;19;624;2244;310;138;385;332;97;73;10;14;10;;4;1;3;;1;2;4;;3;1;1;;1;;;;25;4;1025;8,5;13;2,5;13;4;0,5;;0,5;1;0,1;;1;;4;6;0,2;
153;347;SCD de l'Université de Lille;0595785T;TTC;182,97;1200163;3811105;108670;0;319022;112508;8298648;605768;367536;3434510,24;364688;967524;198510;218700;549417,59;296917,52;12965,03;157243,83;1680086,61;661177,66;;;;30;70;46511;30191;7353;4129;1843;302;9253;315394;745027;18571;142760;968745;104216;30327;15788;3656;11200;386;51;10604;50;0;12471;0;490;22;0;;93;65281;9211;250;80;;;;0;;;;;;;10913;1472;1307;73;21140;1647;90;980;1113;20;0;1088;1193;0;4428;55;271;25315;306;16216;1818;0;;;;;;107;;;2169603;51;348;14099;6351;560;1588;745;1823;;;;;;1400;;;;;;;1294276;1587912;2921635;1945525;0;98914;290;855545;362959;542700;1320780;768;195;3749;284;27;407;1158;10289;1822;213;3844;3006;3857;3487;31;52;37;0;9;3;14;0;3;3;8;0;1;6;19;0;1;1;3;0;97;11;4119;62,91;9,7;11,77;34,07;7,63;4,65;4,15;3,8;5,54;4,42;0,88;0;2,2;15,56;4,64;4,42;6,63
154;348;SCD de Sorbonne Université;0752737T;TTC;180,22;;2563022;;;144273;227968;9110066;564024;110310;2208395;585783;498900;;;427245;257570;;36530;;;6088;1141462;339500;20;80;;;76802;42052;7839;5399;;;728203;14492;158576;899859;246721;;;;;;;;;;;;;;;;90;1539;4243;;100;;;;0;52;333795;60229;;;;7397;;1278;202;11968;;209;2643;;16;275;2140;;351;7443;65;105;17086;150;;962;;;;;;;52;60229;348425;2381157;4;;13326;5029;806;604;397;3622;;;;;;;;;;;;;278670;1002648;256452;2173918;719758;;;;;;385883;;40;119;4;1;47;1525;4425;5716;513;;;;;38;52;44;;8;7;12;;0;3;9;;1;7;6;;2;0;2;;55;8,77;;40,38;9,53;11,73;56,69;7,54;1,39;1,03;1,7;2,7;1,38;1,25;0,5;0,02;18,6;15,45;3,91;6,42
